episode,outcome,total_reward,steps,success,reward/heading/alignment,reward/speed/bonus,reward/penalties/reverse,reward/penalties/idle,reward/distance/near,reward/distance/far,reward/terminal/timeout,rolling_success_rate,rolling_avg_reward,rolling_avg_steps,spawn_point,spawn_stage
0,timeout,-27.667857702003015,1200,False,62.540773251093924,8.141369046903037,-56.200000000000294,-12.749999999999975,18.599999999999994,-28.00000000000002,-20.0,0.0,-27.667857702003015,1200.0,,
1,timeout,-33.56517387744051,1200,False,65.64790499769151,5.086847770492949,-43.10000000000007,-22.25000000000005,19.55999999999999,-40.15999999999985,-7760.0,0.0,-30.61651578972176,1200.0,,
2,timeout,-25.62059659242239,1200,False,64.48999975528568,7.735978547371346,-38.30000000000001,-13.649999999999968,21.47999999999998,-37.35999999999991,-3320.0,0.0,-28.951209390621973,1200.0,,
3,timeout,-28.99407178242086,1200,False,62.38145672250539,6.684471495073694,-55.600000000000264,-14.89999999999997,21.959999999999976,-29.52000000000002,-20.0,0.0,-28.961924988571695,1200.0,,
4,timeout,-27.615302044008818,1200,False,60.074434571899474,7.16026338409165,-53.80000000000023,-13.849999999999973,18.479999999999997,-25.680000000000017,-20.0,0.0,-28.69260039965912,1200.0,,
5,timeout,-35.72590806685718,1200,False,60.42133886460215,5.23275306854066,-40.10000000000005,-24.200000000000077,17.160000000000007,-34.239999999999974,-20.0,0.0,-29.86481834419213,1200.0,,
6,timeout,-28.992446604997454,1200,False,58.12233561836183,8.03521777664075,-65.50000000000041,-12.499999999999973,29.279999999999927,-28.56000000000002,-20.0,0.0,-29.74019381002146,1200.0,,
7,timeout,-8.806693209920036,1200,False,62.29368029907346,7.939626491006493,-44.70000000000012,-6.699999999999993,22.91999999999997,-30.560000000000024,-20.0,0.0,-27.123506235008783,1200.0,,
8,timeout,-35.89862062093038,1200,False,63.16634954884648,6.880029830223066,-60.400000000000325,-11.14999999999998,23.99999999999996,-38.399999999999885,-20.0,0.0,-28.09851894455563,1200.0,,
9,timeout,-34.14215079690719,1200,False,61.42294208984822,5.894907113244557,-54.300000000000246,-14.79999999999997,23.87999999999996,-36.23999999999993,-20.0,0.0,-28.702882129790783,1200.0,,
10,timeout,-5.80370035663173,1200,False,57.9422009922564,2.96128255817905,-18.099999999999973,-41.30000000000032,22.67999999999997,-29.760000000000023,-13860.0,0.0,-26.62113833223087,1200.0,,
11,timeout,-41.117365557995655,1200,False,62.55261180084199,5.5100226411623225,-58.3000000000003,-15.399999999999967,20.03999999999999,-35.519999999999946,-20.0,0.0,-27.829157267711267,1200.0,,
12,timeout,-21.17166974512916,1200,False,57.32681002561003,6.801520229260859,-42.400000000000084,-14.499999999999968,19.67999999999999,-28.08000000000002,-20.0,0.0,-27.31704284289726,1200.0,,
13,timeout,-52.63064162589699,1200,False,63.73683642875403,5.732521945348935,-74.30000000000051,-12.399999999999974,21.959999999999976,-37.35999999999991,-20.0,0.0,-29.125157041682957,1200.0,,
14,timeout,-30.622607963372005,1200,False,63.39137877058238,5.696013266045611,-53.000000000000234,-12.949999999999974,20.87999999999998,-34.639999999999965,-20.0,0.0,-29.224987103128893,1200.0,,
15,timeout,-57.67119775080145,1200,False,64.82842923048884,5.600373018709547,-70.70000000000046,-19.40000000000001,20.87999999999998,-38.879999999999875,-20.0,0.0,-31.002875268608427,1200.0,,
16,timeout,-32.85873368231753,1200,False,61.13454320654273,6.109223111139727,-53.20000000000023,-11.79999999999998,17.160000000000004,-32.96,-20.0,0.0,-31.112043410591316,1200.0,,
17,timeout,-44.148089458913404,1200,False,61.4486922333017,6.263218307784882,-65.60000000000039,-14.89999999999997,21.599999999999977,-32.96,-20.0,0.0,-31.836268191053655,1200.0,,
18,timeout,-50.730650847690626,1200,False,59.845449226908386,5.163899925400983,-56.400000000000276,-21.900000000000045,19.199999999999992,-36.63999999999992,-20.0,0.0,-32.830709383508236,1200.0,,
19,timeout,-39.4457960105581,1200,False,64.32944348268211,6.999760506759799,-62.600000000000364,-12.549999999999976,19.67999999999999,-35.67999999999994,-20.0,0.0,-33.16146371486072,1200.0,,
20,timeout,-11.953767385194876,1200,False,60.700313076376915,4.516851077138149,-23.199999999999964,-35.55000000000024,12.720000000000008,-29.36000000000002,-10660.0,0.0,-32.15157341344806,1200.0,,
21,timeout,-6.2641077880117155,1200,False,58.160772893577814,7.8726193184106705,-39.80000000000003,-10.599999999999982,24.23999999999996,-26.72000000000002,-20.0,0.0,-30.974870430473686,1200.0,,
22,timeout,-30.960543445371258,1200,False,56.71346438117325,4.774102720013634,-30.499999999999936,-26.650000000000112,12.240000000000009,-29.84000000000002,-7800.0,0.0,-30.974247518077924,1200.0,,
23,timeout,-32.92412145343832,1200,False,59.62100815959275,5.424870386968905,-55.30000000000026,-14.749999999999968,24.719999999999956,-32.64000000000001,-20.0,0.0,-31.05549226538461,1200.0,,
24,timeout,-14.059895935067937,1200,False,63.82417032588273,8.73343373904936,-53.50000000000024,-12.149999999999977,27.11999999999994,-29.120000000000022,-20.0,0.0,-30.375668412171944,1200.0,,
25,timeout,-23.723699740441162,1200,False,62.20954554900527,8.541754710553505,-58.4000000000003,-5.299999999999997,20.399999999999984,-31.200000000000024,-20.0,0.0,-30.11982346325922,1200.0,,
26,timeout,-28.992259952018628,1200,False,54.61498834937811,6.852751698603242,-41.20000000000006,-12.499999999999975,7.560000000000005,-24.320000000000018,-20.0,0.0,-30.07806185173179,1200.0,,
27,timeout,-33.907162195969754,1200,False,59.14724574703723,6.903092056993046,-59.100000000000314,-15.649999999999963,21.599999999999977,-28.56000000000002,-20.0,0.0,-30.214815435454575,1200.0,,
28,timeout,-38.97367692445394,1200,False,63.60763829667121,5.926184778874813,-58.40000000000032,-17.499999999999986,22.319999999999972,-35.35999999999995,-20.0,0.0,-30.516845141971796,1200.0,,
29,timeout,-52.90131386280238,1200,False,66.7460831347853,6.562603002412288,-77.20000000000056,-9.249999999999988,19.919999999999987,-39.67999999999986,-20.0,0.0,-31.26299409933282,1200.0,,
30,timeout,-40.97217978194971,1200,False,65.35707073006779,7.794425374853745,-59.900000000000325,-9.649999999999983,26.399999999999945,-34.159999999999975,-1480.0,0.0,-31.576193637481747,1200.0,,
31,timeout,-37.77660743652637,1200,False,61.062622089870274,6.490770473603334,-66.30000000000041,-7.149999999999991,22.199999999999974,-34.07999999999998,-20.0,0.0,-31.769956568701893,1200.0,,
32,timeout,-36.52545107276114,1200,False,61.14561153110117,7.023937396137626,-63.90000000000039,-13.19999999999997,26.279999999999944,-34.07999999999998,-20.0,0.0,-31.914062462764296,1200.0,,
33,timeout,-19.171877218379816,1200,False,52.177528030239046,8.095594751381213,-32.49999999999993,-12.999999999999973,4.920000000000003,-19.680000000000014,-20.0,0.0,-31.539292308517688,1200.0,,
34,timeout,-34.977665024281066,1200,False,63.75808157864958,6.224253397069333,-52.200000000000216,-16.199999999999964,18.719999999999995,-35.27999999999995,-20.0,0.0,-31.637531528968072,1200.0,,
35,timeout,-22.074225758774958,1200,False,63.69264798425138,6.708126256973628,-58.2000000000003,-9.549999999999983,27.71999999999994,-33.43999999999999,-20.0,0.0,-31.371884146462705,1200.0,,
