episode,reward,outcome,map_bundle,spawn_id,episode_steps,lap_count,lap_time_s,finish_position,terminal_reason
0,-1.9845759787850854,self_crash,circle_map,,79,0,,,collision
1,-1.9942665761854521,self_crash,circle_map,,65,0,,,collision
2,-1.978450364444728,self_crash,circle_map,,107,0,,,collision
3,-1.9929150769599837,self_crash,circle_map,,92,0,,,collision
4,-1.9869591734126033,self_crash,circle_map,,93,0,,,collision
5,-1.9939203197470385,self_crash,circle_map,,81,0,,,collision
6,-1.9811669699977488,self_crash,circle_map,,200,0,,,collision
7,-1.9861784464834378,self_crash,circle_map,,89,0,,,collision
8,-1.9919063924055183,self_crash,circle_map,,78,0,,,collision
9,-1.989906064800255,self_crash,circle_map,,100,0,,,collision
10,-1.9911350293445722,self_crash,circle_map,,66,0,,,collision
11,-1.9911701956950594,self_crash,circle_map,,80,0,,,collision
12,-1.98908880075702,self_crash,circle_map,,73,0,,,collision
13,-1.9915401472916532,self_crash,circle_map,,61,0,,,collision
14,-1.962835019125087,self_crash,circle_map,,151,0,,,collision
