x,y,theta,velocity
-7.661150,142.563750,-2.629680,
-7.851424,142.510448,-2.925148,
-8.042252,142.451368,-2.741606,
-8.221509,142.362957,-2.668980,
-8.397483,142.268020,-2.563765,
-8.549007,142.138393,-2.356194,
-8.689054,141.995648,-2.292961,
-8.800466,141.830579,-2.025482,
-8.887333,141.650566,-1.907175,
-8.925316,141.454814,-1.843685,
-8.955553,141.258039,-1.602866,
-8.956150,141.058048,-1.570796,
-8.956150,140.858048,-1.570796,
-8.954462,140.658066,-1.549406,
-8.933505,140.459401,-1.365369,
-8.906962,140.261512,-1.498522,
-8.866225,140.066276,-1.315204,
-8.824306,139.870787,-1.389576,
-8.785974,139.674505,-1.337756,
-8.741002,139.479633,-1.353381,
-8.694456,139.285236,-1.286888,
-8.647125,139.090927,-1.337906,
-8.597442,138.897246,-1.333467,
-8.555079,138.701826,-1.387924,
-8.512641,138.506476,-1.295796,
-8.463337,138.312686,-1.339316,
-8.415276,138.118570,-1.295796,
-8.366986,137.924528,-1.346317,
-8.322526,137.729532,-1.346865,
-8.277100,137.534779,-1.361961,
-8.231326,137.340167,-1.286145,
-8.187922,137.145038,-1.379050,
-8.145570,136.949660,-1.317198,
-8.095416,136.756077,-1.334109,
-8.047473,136.561920,-1.317074,
-7.998259,136.368094,-1.348231,
-7.953516,136.173165,-1.341210,
-7.909815,135.978006,-1.368464,
-7.865708,135.782999,-1.311213,
-7.819733,135.588424,-1.363468,
-7.781525,135.392148,-1.308093,
-7.731092,135.198617,-1.341452,
-7.684852,135.004048,-1.305936,
-7.634934,134.810389,-1.341452,
-7.590044,134.615500,-1.327859,
-7.544721,134.420715,-1.361341,
-7.501367,134.225520,-1.291008,
-7.453565,134.031405,-1.368902,
-7.414414,133.835307,-1.349840,
-7.363516,133.641943,-1.324602,
-7.318834,133.447007,-1.356351,
-7.273927,133.252124,-1.358837,
-7.231312,133.056721,-1.342559,
-7.181370,132.863115,-1.337217,
-7.133690,132.668901,-1.295796,
-7.087508,132.474407,-1.379397,
-7.047892,132.278416,-1.328756,
-6.997827,132.084819,-1.338949,
-6.953210,131.889861,-1.346806,
-6.907784,131.695090,-1.336871,
-6.865786,131.499557,-1.360406,
-6.817458,131.305573,-1.359021,
-6.778667,131.109373,-1.372984,
-6.733698,130.914517,-1.339115,
-6.690331,130.719287,-1.358670,
-6.641300,130.525433,-1.311573,
-6.601830,130.329405,-1.392300,
-6.563277,130.133178,-1.346045,
-6.518943,129.938159,-1.407233,
-6.487807,129.740624,-1.394215,
-6.447385,129.544784,-1.364495,
-6.412662,129.347984,-1.513710,
-6.383713,129.150388,-1.367654,
-6.339691,128.955320,-1.370064,
-6.308207,128.757873,-1.429100,
-6.271218,128.561333,-1.376994,
-6.236423,128.364408,-1.462201,
-6.220667,128.165185,-1.475343,
-6.192674,127.967210,-1.399036,
-6.158500,127.770152,-1.399157,
-6.134531,127.571801,-1.521550,
-6.127838,127.371982,-1.504405,
-6.102957,127.173582,-1.422097,
-6.072090,126.975984,-1.406952,
-6.045954,126.777785,-1.511320,
-6.042400,126.577885,-1.570796,
-6.030641,126.378293,-1.492624,
-6.013884,126.178997,-1.485170,
-6.000804,125.979436,-1.532588,
-5.994883,125.779535,-1.554587,
-5.977768,125.580406,-1.443704,
-5.953838,125.381925,-1.481266,
-5.949900,125.182006,-1.570796,
-5.949900,124.982006,-1.570796,
-5.949900,124.782006,-1.570796,
-5.938413,124.582387,-1.496081,
-5.922488,124.383023,-1.489298,
-5.909303,124.183465,-1.508954,
-5.903650,123.983577,-1.570796,
-5.903650,123.783577,-1.570796,
-5.903650,123.583577,-1.570796,
-5.903650,123.383577,-1.570796,
-5.903650,123.183577,-1.570796,
-5.903650,122.983577,-1.570796,
-5.903650,122.783577,-1.570796,
-5.903980,122.583583,-1.608535,
-5.913348,122.383817,-1.633677,
-5.928136,122.184375,-1.654104,
-5.943906,121.984999,-1.647031,
-5.949900,121.785178,-1.570796,
-5.949900,121.585178,-1.570796,
-5.949900,121.385178,-1.570796,
-5.949900,121.185178,-1.570796,
-5.955256,120.985319,-1.637375,
-5.979666,120.786904,-1.722780,
-5.995332,120.587663,-1.608274,
-5.996150,120.387678,-1.570796,
-5.996150,120.187678,-1.570796,
-5.996150,119.987678,-1.570796,
-6.002966,119.787832,-1.636177,
-6.017557,119.588377,-1.658545,
-6.034365,119.389086,-1.650735,
-6.042400,119.189353,-1.570796,
-6.044800,118.989406,-1.638859,
-6.066455,118.790687,-1.726408,
-6.086448,118.591859,-1.612074,
-6.094741,118.392036,-1.636297,
-6.109120,118.192564,-1.658761,
-6.126048,117.993283,-1.650914,
-6.134900,117.793584,-1.570796,
-6.144772,117.594003,-1.705696,
-6.172510,117.395960,-1.682182,
-6.192535,117.196975,-1.661971,
-6.210273,116.997764,-1.658931,
-6.225355,116.798343,-1.629908,
-6.232433,116.598586,-1.649997,
-6.262731,116.400931,-1.741455,
-6.293528,116.203328,-1.718667,
-6.316447,116.004711,-1.635198,
-6.327974,115.805260,-1.704925,
-6.363306,115.608423,-1.745348,
-6.392939,115.410649,-1.712370,
-6.411127,115.211533,-1.630020,
-6.428530,115.012670,-1.729003,
-6.463692,114.815803,-1.728738,
-6.492660,114.617936,-1.697084,
-6.508079,114.418671,-1.713116,
-6.543502,114.221901,-1.772221,
-6.580992,114.025472,-1.739440,
-6.599488,113.826630,-1.666415,
-6.627092,113.628639,-1.758514,
-6.664656,113.432199,-1.762453,
-6.690811,113.234238,-1.683154,
-6.721954,113.036799,-1.782918,
-6.762748,112.841011,-1.766650,
-6.786733,112.642697,-1.710263,
-6.823608,112.446206,-1.787396,
-6.863296,112.250215,-1.752185,
-6.885569,112.051664,-1.723301,
-6.924988,111.855614,-1.773835,
-6.958845,111.658593,-1.670618,
-6.982507,111.460079,-1.740124,
-7.021491,111.263952,-1.780520,
-7.058590,111.067510,-1.686906,
-7.094213,110.870863,-1.790779,
-7.131357,110.674385,-1.718288,
-7.157511,110.476130,-1.730924,
-7.194921,110.279732,-1.784144,
-7.240292,110.085059,-1.668511,
-7.263350,109.886662,-1.768548,
-7.303048,109.690641,-1.772271,
-7.334133,109.493185,-1.674425,
-7.360006,109.294981,-1.738689,
-7.400873,109.099219,-1.785924,
-7.435435,108.902318,-1.713499,
-7.474371,108.706221,-1.798166,
-7.515748,108.510622,-1.729989,
-7.539084,108.312238,-1.750335,
-7.578726,108.116227,-1.780999,
-7.613845,107.919360,-1.729509,
-7.650877,107.722870,-1.786604,
-7.696780,107.528262,-1.772392,
-7.719640,107.329884,-1.720635,
-7.758716,107.133754,-1.770581,
-7.793658,106.936865,-1.719337,
-7.827046,106.739715,-1.799838,
-7.873102,106.545092,-1.807259,
-7.906526,106.347947,-1.757834,
-7.949948,106.152762,-1.799508,
-7.987734,105.956494,-1.713499,
-8.025466,105.760181,-1.801599,
-8.067984,105.564808,-1.724277,
-8.093460,105.366529,-1.720132,
-8.134278,105.170820,-1.815144,
-8.175516,104.975184,-1.741329,
-8.211973,104.778556,-1.798666,
-8.259612,104.584364,-1.788497,
-8.302479,104.389016,-1.801326,
-8.344232,104.193471,-1.757824,
-8.377691,103.996376,-1.794824,
-8.421944,103.801340,-1.751010,
-8.455405,103.604173,-1.750590,
-8.496209,103.408441,-1.799459,
-8.540465,103.213429,-1.769874,
-8.579585,103.017297,-1.780374,
-8.627783,102.823279,-1.781903,
-8.670489,102.627904,-1.804416,
-8.715944,102.433139,-1.797296,
-8.753595,102.236716,-1.758727,
-8.800262,102.042382,-1.811290,
-8.843006,101.847021,-1.777148,
-8.887859,101.652125,-1.786970,
-8.931514,101.456950,-1.805123,
-8.981729,101.263399,-1.809758,
-9.028535,101.068954,-1.808471,
-9.078867,100.875428,-1.807579,
-9.125982,100.681058,-1.814816,
-9.176895,100.487689,-1.806843,
-9.224843,100.293530,-1.824788,
-9.279289,100.101108,-1.834067,
-9.330641,99.907814,-1.828033,
-9.381211,99.714367,-1.803280,
-9.428979,99.520158,-1.818098,
-9.485873,99.328424,-1.852114,
-9.540361,99.136008,-1.803734,
-9.587259,98.941591,-1.825412,
-9.640802,98.748916,-1.856294,
-9.692468,98.555711,-1.825647,
-9.744000,98.362501,-1.803734,
-9.791344,98.168189,-1.820820,
-9.846727,97.976036,-1.859463,
-9.902009,97.783830,-1.845717,
-9.948959,97.589440,-1.801843,
-10.001060,97.396366,-1.853590,
-10.054040,97.203520,-1.827805,
-10.108823,97.011204,-1.859463,
-10.164843,96.819212,-1.844230,
-10.214017,96.625396,-1.800778,
-10.262340,96.431336,-1.839080,
-10.310977,96.237370,-1.814933,
-10.362152,96.044039,-1.836727,
-10.417162,95.851771,-1.828567,
-10.468921,95.658620,-1.868962,
-10.525370,95.466754,-1.853429,
-10.580469,95.274497,-1.835761,
-10.632691,95.081438,-1.845121,
-10.689722,94.889750,-1.854786,
-10.746560,94.697999,-1.865372,
-10.806831,94.507303,-1.889455,
-10.869358,94.317328,-1.888016,
-10.934783,94.128344,-1.918530,
-11.004151,93.940761,-1.929094,
-11.077337,93.754682,-1.975618,
-11.153808,93.569900,-1.931639,
-11.223826,93.382560,-1.965963,
-11.303377,93.199086,-2.004134,
-11.385019,93.016518,-1.985094,
-11.469970,92.835464,-2.017170,
-11.559483,92.656640,-2.056112,
-11.653581,92.480165,-2.085520,
-11.750470,92.305217,-2.059654,
-11.848886,92.131143,-2.162270,
-11.960407,91.965122,-2.162343,
-12.071929,91.799101,-2.162270,
-12.191728,91.639196,-2.280875,
-12.322314,91.487713,-2.283504,
-12.455755,91.338755,-2.328342,
-12.594839,91.195061,-2.356194,
-12.737089,91.054491,-2.383616,
-12.884167,90.918983,-2.407976,
-13.035926,90.788734,-2.436547,
-13.193912,90.666160,-2.516973,
-13.362249,90.558571,-2.612170,
-13.539080,90.465275,-2.662975,
-13.717229,90.374415,-2.696772,
-13.897917,90.288674,-2.705598,
-14.080256,90.206562,-2.737354,
-14.267609,90.136976,-2.836600,
-14.462497,90.092798,-2.960532,
-14.659345,90.057435,-2.966512,
-14.856048,90.021279,-2.957361,
-15.053317,89.988534,-3.017458,
-15.252729,89.977500,3.141593,
-15.452363,89.966714,-3.064375,
-15.651685,89.950272,-3.057110,
-15.851215,89.936679,-3.078045,
-16.051108,89.931250,3.141593,
-16.251108,89.931250,3.141593,
-16.450919,89.925581,-3.063953,
-16.646579,89.885927,-3.012200,
-16.841170,89.842227,-2.818530,
-17.026244,89.767123,-2.659373,
-17.193335,89.658494,-2.423586,
-17.330850,89.513482,-2.333105,
-17.457933,89.359863,-2.117446,
-17.546579,89.180702,-1.974141,
-17.620265,88.994817,-1.924186,
-17.682661,88.804851,-1.846490,
-17.729615,88.610467,-1.802644,
-17.779606,88.416830,-1.836507,
-17.825807,88.222248,-1.802644,
-17.878177,88.029265,-1.856078,
-17.933476,87.837064,-1.837466,
-17.982314,87.643151,-1.802428,
-18.031107,87.449208,-1.835657,
-18.079012,87.255054,-1.803509,
-18.129031,87.061424,-1.835408,
-18.177638,86.867438,-1.807012,
-18.227025,86.673646,-1.834337,
-18.275325,86.479586,-1.807012,
-18.325195,86.285917,-1.831704,
-18.372825,86.091687,-1.805864,
-18.423112,85.898127,-1.832181,
-18.469439,85.703583,-1.828575,
-18.519516,85.509960,-1.800141,
-18.567445,85.315806,-1.845684,
-18.621969,85.123382,-1.848866,
-18.673708,84.930205,-1.816009,
-18.723716,84.736602,-1.800141,
-18.771376,84.542390,-1.838645,
-18.819873,84.348379,-1.800141,
-18.867877,84.154251,-1.835558,
-18.916679,83.960309,-1.802644,
-18.963878,83.765986,-1.842967,
-19.012869,83.572103,-1.802644,
-19.060741,83.377956,-1.845129,
-19.116027,83.185751,-1.847692,
-19.169193,82.992984,-1.814182,
-19.215179,82.798344,-1.802644,
-19.265607,82.604837,-1.812615,
-19.311509,82.410176,-1.803091,
-19.362012,82.216692,-1.800304,
-19.408503,82.022185,-1.845780,
-19.458601,81.828591,-1.805745,
-19.506909,81.634536,-1.847813,
-19.555997,81.440687,-1.805126,
-19.605623,81.246974,-1.851564,
-19.654215,81.052996,-1.805873,
-19.704737,80.859514,-1.849436,
-19.752259,80.665259,-1.805873,
-19.803592,80.471987,-1.849436,
-19.850168,80.277492,-1.815740,
-19.901285,80.084163,-1.801289,
-19.947203,79.889507,-1.813702,
-19.997530,79.695971,-1.800141,
-20.044041,79.501465,-1.825898,
-20.097794,79.308847,-1.855933,
-20.150400,79.115892,-1.832640,
-20.201726,78.922632,-1.800141,
-20.248568,78.728201,-1.820233,
-20.297884,78.534404,-1.800141,
-20.345156,78.340081,-1.822383,
-20.391348,78.145579,-1.774718,
-20.433785,77.950138,-1.802877,
-20.478245,77.755149,-1.800141,
-20.526373,77.561041,-1.829734,
-20.574231,77.366876,-1.798541,
-20.622920,77.172910,-1.828315,
-20.665455,76.977594,-1.745887,
-20.707817,76.782227,-1.835982,
-20.755516,76.588040,-1.787331,
-20.800986,76.393297,-1.814338,
-20.841655,76.197609,-1.713783,
-20.877578,76.000957,-1.804301,
-20.921962,75.805954,-1.784954,
-20.954945,75.608737,-1.773257,
-20.999027,75.413678,-1.772392,
-21.033684,75.216765,-1.729633,
-21.076258,75.021431,-1.810802,
-21.115600,74.825425,-1.730284,
-21.151412,74.628711,-1.794460,
-21.197469,74.434112,-1.757330,
-21.221088,74.235859,-1.731704,
-21.259716,74.039661,-1.764316,
-21.294614,73.842765,-1.726719,
-21.316855,73.644153,-1.739097,
-21.355226,73.447898,-1.746573,
-21.386931,73.250460,-1.710351,
-21.402939,73.051276,-1.699798,
-21.442264,72.855223,-1.778133,
-21.473443,72.657713,-1.687667,
-21.490508,72.458531,-1.623482,
-21.523195,72.261504,-1.753660,
-21.555630,72.064190,-1.714448,
-21.577975,71.865498,-1.631194,
-21.592120,71.666238,-1.743649,
-21.625882,71.469154,-1.710383,
-21.650523,71.270694,-1.683978,
-21.667946,71.071480,-1.632847,
-21.678646,70.871840,-1.716289,
-21.712205,70.674703,-1.730848,
-21.740289,70.476713,-1.697296,
-21.760451,70.277764,-1.625385,
-21.766165,70.077897,-1.604769,
-21.786600,69.879199,-1.728187,
-21.816680,69.681511,-1.698975,
-21.839968,69.482878,-1.681609,
-21.856567,69.283593,-1.629793,
-21.860171,69.083692,-1.578443,
-21.876039,68.884480,-1.728051,
-21.901611,68.686195,-1.651155,
-21.916721,68.486770,-1.640219,
-21.933013,68.287443,-1.658862,
-21.948830,68.088076,-1.629877,
-21.952603,67.888182,-1.577266,
-21.967469,67.688892,-1.685278,
-21.993195,67.490635,-1.624974,
-22.002873,67.290872,-1.614603,
-22.016046,67.091317,-1.659063,
-22.033302,66.892064,-1.651164,
-22.044900,66.692476,-1.570796,
-22.045724,66.492482,-1.585266,
-22.062606,66.293331,-1.693564,
-22.087234,66.094940,-1.610178,
-22.091150,65.895017,-1.570796,
-22.094719,65.695084,-1.608751,
-22.106353,65.495434,-1.634279,
-22.123037,65.296132,-1.647917,
-22.136866,65.096620,-1.628187,
-22.137400,64.896635,-1.570796,
-22.145952,64.696934,-1.660676,
-22.171977,64.498674,-1.700862,
-22.183269,64.299120,-1.589544,
-22.183650,64.099123,-1.570796,
-22.186366,63.899176,-1.609625,
-22.197857,63.699522,-1.636758,
-22.215114,63.500272,-1.651605,
-22.229540,63.300804,-1.630206,
-22.229900,63.100815,-1.570796,
-22.234707,62.900939,-1.644880,
-22.258103,62.702395,-1.714770,
-22.274788,62.503258,-1.601424,
-22.276150,62.303279,-1.570796,
-22.276150,62.103279,-1.570796,
-22.276150,61.903279,-1.570796,
-22.277244,61.703297,-1.604092,
-22.286263,61.503515,-1.628311,
-22.300494,61.304031,-1.648704,
-22.315710,61.104612,-1.633876,
-22.322400,60.904794,-1.570796,
-22.322400,60.704794,-1.570796,
-22.322400,60.504794,-1.570796,
-22.322400,60.304794,-1.570796,
-22.322400,60.104794,-1.570796,
-22.322400,59.904794,-1.570796,
-22.322400,59.704794,-1.570796,
-22.322400,59.504794,-1.570796,
-22.322400,59.304794,-1.570796,
-22.322400,59.104794,-1.570796,
-22.322400,58.904794,-1.570796,
-22.322400,58.704794,-1.570796,
-22.322400,58.504794,-1.570796,
-22.322400,58.304794,-1.570796,
-22.322400,58.104794,-1.570796,
-22.322400,57.904794,-1.570796,
-22.319856,57.704817,-1.547145,
-22.306994,57.505242,-1.498307,
-22.291818,57.305819,-1.493982,
-22.280248,57.106163,-1.536388,
-22.276150,56.906233,-1.570796,
-22.275535,56.706236,-1.562526,
-22.261143,56.506889,-1.455716,
-22.235355,56.308619,-1.466156,
-22.229900,56.108773,-1.570796,
-22.226364,55.908875,-1.513275,
-22.211176,55.709459,-1.486146,
-22.195013,55.510117,-1.499349,
-22.179141,55.310754,-1.482700,
-22.153298,55.112497,-1.410784,
-22.137400,54.913328,-1.570796,
-22.133344,54.713439,-1.508221,
-22.117907,54.514040,-1.488547,
-22.102137,54.314667,-1.502722,
-22.087101,54.115239,-1.486486,
-22.060817,53.917074,-1.399854,
-22.044528,53.718016,-1.569676,
-22.035879,53.518306,-1.490996,
-22.019025,53.319018,-1.483137,
-22.004102,53.119583,-1.501435,
-21.986451,52.920383,-1.460947,
-21.959901,52.722201,-1.455900,
-21.952400,52.522476,-1.570796,
-21.944054,52.322757,-1.490416,
-21.927114,52.123477,-1.482515,
-21.912570,51.924018,-1.505120,
-21.902236,51.724291,-1.509967,
-21.878620,51.525846,-1.401740,
-21.859953,51.326989,-1.568702,
-21.851888,51.127256,-1.490571,
-21.835016,50.927971,-1.482701,
-21.820393,50.728518,-1.505223,
-21.810194,50.528784,-1.511588,
-21.788124,50.330135,-1.413558,
-21.768113,50.131279,-1.514928,
-21.766459,49.931321,-1.511793,
-21.751957,49.731858,-1.482902,
-21.734952,49.532588,-1.505335,
-21.723027,49.332950,-1.522498,
-21.708983,49.133511,-1.448549,
-21.681915,48.935404,-1.461325,
-21.673783,48.735697,-1.560782,
-21.666280,48.535910,-1.494439,
-21.650330,48.336549,-1.486991,
-21.635175,48.137128,-1.500564,
-21.617294,47.937953,-1.449431,
-21.590427,47.739818,-1.464557,
-21.581959,47.540150,-1.569401,
-21.575392,47.340353,-1.491980,
-21.558611,47.141062,-1.480296,
-21.539325,46.941997,-1.469515,
-21.513636,46.743701,-1.399770,
-21.490216,46.545292,-1.563199,
-21.483230,46.345505,-1.491182,
-21.464775,46.146379,-1.462748,
-21.441344,45.947762,-1.446542,
-21.411323,45.750045,-1.419439,
-21.397400,45.550822,-1.570796,
-21.384755,45.351469,-1.438210,
-21.354868,45.153737,-1.408107,
-21.320042,44.956805,-1.421228,
-21.303881,44.757823,-1.512152,
-21.285618,44.558719,-1.426117,
-21.255518,44.361016,-1.390463,
-21.219938,44.164218,-1.446293,
-21.208717,43.964748,-1.496275,
-21.181782,43.766675,-1.395163,
-21.144080,43.570286,-1.363372,
-21.116349,43.372447,-1.477905,
-21.087162,43.174704,-1.378065,
-21.047561,42.978670,-1.363197,
-21.024427,42.780341,-1.507423,
-20.998337,42.582189,-1.393827,
-20.957277,42.386513,-1.353681,
-20.923703,42.189477,-1.429483,
-20.886581,41.992980,-1.365339,
-20.850008,41.796409,-1.443121,
-20.826118,41.598089,-1.366179,
-20.784184,41.402538,-1.353975,
-20.751335,41.205376,-1.454058,
-20.722591,41.007802,-1.343606,
-20.678801,40.812674,-1.394507,
-20.645854,40.615420,-1.391127,
-20.605021,40.419682,-1.346429,
-20.565987,40.223645,-1.454686,
-20.523632,40.028527,-1.301452,
-20.476415,39.834187,-1.341452,
-20.427064,39.640415,-1.327584,
-20.380249,39.445976,-1.340177,
-20.330133,39.252404,-1.325545,
-20.282968,39.058049,-1.337560,
-20.230811,38.865019,-1.290151,
-20.174023,38.673255,-1.270241,
-20.121820,38.480213,-1.306441,
-20.063353,38.289010,-1.247840,
-19.997724,38.100119,-1.202278,
-19.920804,37.915570,-1.201547,
-19.848091,37.729271,-1.183876,
-19.769831,37.545229,-1.158613,
-19.695543,37.359582,-1.184411,
-19.612094,37.177907,-1.114916,
-19.522137,36.999321,-1.122888,
-19.434075,36.819783,-1.136924,
-19.341593,36.642663,-0.974562,
-19.233228,36.474581,-1.008434,
-19.132578,36.301763,-1.049492,
-19.028641,36.130994,-0.979945,
-18.912676,35.968161,-0.902705,
-18.789465,35.810622,-0.934504,
-18.673427,35.647806,-0.925854,
-18.536869,35.501969,-0.785398,
-18.395447,35.360547,-0.785398,
-18.254026,35.219126,-0.785398,
-18.112605,35.077705,-0.785398,
-17.971183,34.936283,-0.785398,
-17.829762,34.794862,-0.785398,
-17.688010,34.653777,-0.767262,
-17.534720,34.525898,-0.594922,
-17.373985,34.406951,-0.621101,
-17.209221,34.293640,-0.594992,
-17.041503,34.184805,-0.515855,
-16.867774,34.085718,-0.520107,
-16.691965,33.990397,-0.504641,
-16.513015,33.901215,-0.458723,
-16.335190,33.809728,-0.480291,
-16.150917,33.732308,-0.350649,
-15.961709,33.667540,-0.321559,
-15.771734,33.605017,-0.318389,
-15.579523,33.550297,-0.232937,
-15.385469,33.501933,-0.268615,
-15.190113,33.461888,-0.063744,
-14.990136,33.460387,-0.003352,
-14.790136,33.460000,0.000000,
-14.590136,33.460000,0.000000,
-14.391106,33.472040,0.198213,
-14.197358,33.521439,0.245313,
-14.002821,33.567743,0.304651,
-13.812979,33.630644,0.326078,
-13.623518,33.694710,0.326078,
-13.434056,33.758776,0.326078,
-13.244604,33.822867,0.326361,
-13.054945,33.886346,0.321756,
-12.864092,33.946126,0.295870,
-12.670961,33.997783,0.203692,
-12.474541,34.035357,0.176736,
-12.277429,34.069217,0.168732,
-12.079591,34.098277,0.111019,
-11.880008,34.107500,0.000000,
-11.680101,34.102455,-0.036875,
-11.480947,34.084598,-0.146749,
-11.283806,34.051964,-0.265812,
-11.091770,33.996316,-0.321450,
-10.904283,33.927219,-0.411849,
-10.722924,33.843341,-0.519162,
-10.550066,33.742890,-0.628692,
-10.388306,33.625273,-0.628692,
-10.240761,33.490403,-0.806782,
-10.105085,33.343631,-0.894886,
-9.985124,33.183803,-0.976917,
-9.877570,33.015321,-1.047463,
-9.783784,32.838856,-1.128344,
-9.709471,32.653570,-1.249569,
-9.651486,32.462194,-1.288496,
-9.602015,32.268439,-1.329822,
-9.562297,32.072530,-1.423688,
-9.548737,31.873125,-1.496055,
-9.533156,31.673734,-1.488918,
-9.519069,31.474241,-1.509435,
-9.511150,31.274423,-1.570796,
-9.511150,31.074423,-1.570796,
-9.511150,30.874423,-1.570796,
-9.511150,30.674423,-1.570796,
-9.511150,30.474423,-1.570796,
-9.501340,30.274746,-1.490576,
-9.474610,30.076561,-1.492176,
-9.464900,29.876875,-1.570796,
-9.464900,29.676875,-1.570796,
-9.464900,29.476875,-1.570796,
-9.464900,29.276875,-1.570796,
-9.464900,29.076875,-1.570796,
-9.464900,28.876875,-1.570796,
-9.464900,28.676875,-1.570796,
-9.464900,28.476875,-1.570796,
-9.464900,28.276875,-1.570796,
-9.464900,28.076875,-1.570796,
-9.464900,27.876875,-1.570796,
-9.464900,27.676875,-1.570796,
-9.464900,27.476875,-1.570796,
-9.464900,27.276875,-1.570796,
-9.464900,27.076875,-1.570796,
-9.464900,26.876875,-1.570796,
-9.464900,26.676875,-1.570796,
-9.464900,26.476875,-1.570796,
-9.464900,26.276875,-1.570796,
-9.464900,26.076875,-1.570796,
-9.464900,25.876875,-1.570796,
-9.464900,25.676875,-1.570796,
-9.464900,25.476875,-1.570796,
-9.464900,25.276875,-1.570796,
-9.464900,25.076875,-1.570796,
-9.464900,24.876875,-1.570796,
-9.464900,24.676875,-1.570796,
-9.464900,24.476875,-1.570796,
-9.464900,24.276875,-1.570796,
-9.464900,24.076875,-1.570796,
-9.464900,23.876875,-1.570796,
-9.464900,23.676875,-1.570796,
-9.464900,23.476875,-1.570796,
-9.464900,23.276875,-1.570796,
-9.464900,23.076875,-1.570796,
-9.464900,22.876875,-1.570796,
-9.464832,22.676875,-1.569141,
-9.458521,22.477032,-1.507864,
-9.443963,22.277564,-1.493820,
-9.429597,22.078089,-1.513976,
-9.420254,21.878320,-1.536812,
-9.418650,21.678347,-1.570796,
-9.418650,21.478347,-1.570796,
-9.418650,21.278347,-1.570796,
-9.418650,21.078347,-1.570796,
-9.418650,20.878347,-1.570796,
-9.418650,20.678347,-1.570796,
-9.418650,20.478347,-1.570796,
-9.418650,20.278347,-1.570796,
-9.415256,20.078405,-1.482732,
-9.391767,19.879873,-1.442161,
-9.373808,19.680810,-1.551928,
-9.372400,19.480824,-1.570796,
-9.368497,19.280939,-1.511651,
-9.352491,19.081587,-1.482588,
-9.336548,18.882235,-1.504710,
-9.322627,18.682721,-1.498717,
-9.296795,18.484530,-1.420504,
-9.279900,18.285574,-1.570796,
-9.260446,18.086819,-1.418593,
-9.223359,17.890315,-1.358988,
-9.188900,17.693541,-1.507219,
-9.158642,17.496404,-1.328611,
-9.114028,17.301479,-1.393132,
-9.080147,17.104412,-1.371140,
-9.027084,16.911659,-1.287105,
-8.970257,16.719909,-1.306078,
-8.918725,16.526664,-1.306585,
-8.848901,16.339545,-1.140806,
-8.776405,16.153200,-1.206315,
-8.705571,15.966165,-1.212871,
-8.634742,15.779155,-1.170875,
-8.556540,15.595078,-1.167791,
-8.475291,15.412336,-1.162038,
-8.401851,15.226407,-1.134701,
-8.315631,15.045962,-1.094900,
-8.226773,14.866810,-1.095911,
-8.137388,14.687908,-1.115462,
-8.051781,14.507168,-1.136813,
-7.969456,14.324898,-1.142519,
-7.884210,14.144030,-1.138513,
-7.798045,13.963576,-1.140177,
-7.708233,13.784916,-1.075872,
-7.613477,13.608831,-1.060745,
-7.515279,13.434599,-1.055051,
-7.415956,13.261017,-1.036973,
-7.307852,13.092784,-0.996749,
-7.196584,12.926601,-0.976504,
-7.080949,12.763580,-0.892523,
-6.951610,12.611045,-0.868966,
-6.824991,12.456259,-0.898768,
-6.705858,12.295775,-0.811687,
-6.565610,12.153210,-0.785398,
-6.424189,12.011789,-0.785398,
-6.282768,11.870368,-0.785398,
-6.141346,11.728946,-0.785398,
-5.999925,11.587525,-0.785398,
-5.848291,11.457823,-0.625302,
-5.689577,11.336220,-0.698455,
-5.536769,11.207189,-0.708934,
-5.379756,11.083595,-0.593779,
-5.217426,10.966837,-0.636677,
-5.053476,10.852501,-0.554256,
-4.882229,10.749190,-0.545931,
-4.715295,10.639078,-0.573392,
-4.542825,10.537942,-0.518747,
-4.367250,10.442236,-0.481546,
-4.193246,10.343803,-0.556811,
-4.022381,10.239857,-0.545573,
-3.849041,10.140099,-0.527254,
-3.677533,10.037258,-0.574103,
-3.510536,9.927211,-0.589500,
-3.345623,9.814075,-0.609646,
-3.182635,9.698168,-0.619610,
-3.020791,9.580746,-0.656504,
-2.866143,9.453928,-0.685315,
-2.706555,9.333490,-0.614091,
-2.547957,9.211764,-0.680362,
-2.396447,9.081232,-0.742747,
-2.249879,8.945163,-0.760859,
-2.107314,8.804914,-0.785398,
-1.965800,8.663585,-0.783327,
-1.824112,8.522431,-0.783826,
-1.682589,8.381111,-0.785398,
-1.541510,8.239349,-0.788643,
-1.402157,8.095914,-0.813902,
-1.267442,7.948105,-0.861057,
-1.138096,7.795580,-0.889717,
-1.018076,7.635720,-0.970694,
-0.890807,7.481525,-0.862249,
-0.759967,7.330260,-0.855861,
-0.633800,7.175244,-0.954934,
-0.513554,7.015505,-0.902989,
-0.388212,6.859656,-0.899037,
-0.268950,6.699179,-0.954274,
-0.145650,6.541770,-0.884610,
-0.019997,6.386196,-0.915768,
0.099253,6.225751,-0.888672,
0.224922,6.070165,-0.893009,
0.344507,5.909955,-0.969611,
0.470784,5.755046,-0.846513,
0.602094,5.604194,-0.858989,
0.729008,5.449667,-0.909331,
0.850658,5.291176,-0.866495,
0.982444,5.140750,-0.868522,
1.110077,4.986795,-0.897713,
1.229389,4.826399,-0.866544,
1.362654,4.677289,-0.839555,
1.493768,4.526280,-0.864306,
1.618290,4.369858,-0.941330,
1.743442,4.214366,-0.811863,
1.878541,4.066915,-0.843820,
2.007140,3.913781,-0.883123,
2.126543,3.753398,-0.958725,
2.258112,3.603007,-0.821329,
2.390726,3.453339,-0.878939,
2.516127,3.297569,-0.911279,
2.636333,3.137996,-0.844746,
2.771858,2.990930,-0.834444,
2.902570,2.839588,-0.868844,
3.024638,2.681268,-0.958991,
3.148532,2.524498,-0.848191,
3.280156,2.373917,-0.855067,
3.408106,2.220240,-0.902544,
3.528009,2.060376,-0.878480,
3.659229,1.909454,-0.852723,
3.790719,1.758754,-0.854455,
3.914124,1.601599,-0.965089,
4.044321,1.450179,-0.815243,
4.179977,1.303234,-0.837064,
4.309217,1.150647,-0.879395,
4.428388,0.990130,-0.968128,
4.559605,0.839471,-0.816187,
4.693088,0.690572,-0.871044,
4.819744,0.535823,-0.905164,
4.929127,0.368679,-1.074223,
5.022979,0.192089,-1.106449,
5.112178,0.013093,-1.155692,
5.192835,-0.169922,-1.155692,
5.258452,-0.358462,-1.332480,
5.295986,-0.554803,-1.443726,
5.319727,-0.753356,-1.491310,
5.332643,-0.952899,-1.533078,
5.325843,-1.152532,-1.693740,
5.299361,-1.350736,-1.739027,
5.265065,-1.547770,-1.751336,
5.226575,-1.744019,-1.773868,
5.177748,-1.937912,-1.845797,
5.130315,-2.132193,-1.816723,
5.078542,-2.325331,-1.859912,
5.018212,-2.516001,-1.894166,
4.954313,-2.705519,-1.896789,
4.887929,-2.894173,-1.921436,
4.818142,-3.081600,-1.930663,
4.750182,-3.269689,-1.893859,
4.690100,-3.460430,-1.859463,
4.633954,-3.652386,-1.859463,
4.584039,-3.846019,-1.803734,
4.534979,-4.039882,-1.840330,
4.503573,-4.236436,-1.572828,
4.502854,-4.436435,-1.573840,
4.502600,-4.636435,-1.570796,
4.522283,-4.834574,-1.268181,
4.583711,-5.024903,-1.254345,
4.646423,-5.214817,-1.247733,
4.727213,-5.397529,-1.099265,
4.826199,-5.571073,-0.979235,
4.936137,-5.738136,-1.000346,
5.046176,-5.905141,-0.985664,
5.172386,-6.059649,-0.802821,
5.307315,-6.207245,-0.848210,
5.435102,-6.361054,-0.888885,
5.553770,-6.522009,-0.954031,
5.689095,-6.668995,-0.785398,
5.830516,-6.810416,-0.785398,
5.985484,-6.936530,-0.639556,
6.143913,-7.058577,-0.663520,
6.295987,-7.188402,-0.747465,
6.439868,-7.327268,-0.785398,
6.583574,-7.466263,-0.717675,
6.744127,-7.585338,-0.664782,
6.898917,-7.711956,-0.695416,
7.047752,-7.845523,-0.748851,
7.201641,-7.972771,-0.603541,
7.360337,-8.094341,-0.694460,
7.512006,-8.224652,-0.735161,
7.658613,-8.360677,-0.753845,
7.813135,-8.487030,-0.614040,
7.967992,-8.613370,-0.718910,
8.118365,-8.745233,-0.720238,
8.266757,-8.879316,-0.744341,
8.421357,-9.005732,-0.609401,
8.579553,-9.127959,-0.696706,
8.731227,-9.258279,-0.731417,
8.879136,-9.392885,-0.723712,
9.039665,-9.511961,-0.661988,
9.194646,-9.638338,-0.694870,
9.343465,-9.771916,-0.751562,
9.493692,-9.903636,-0.578043,
9.653112,-10.024130,-0.689394,
9.805128,-10.154080,-0.712939,
9.954305,-10.287293,-0.727630,
10.112605,-10.409170,-0.631633,
10.267639,-10.535443,-0.709137,
10.418064,-10.667225,-0.733617,
10.566818,-10.800887,-0.708385,
10.727470,-10.919867,-0.665301,
10.882383,-11.046340,-0.693032,
11.034788,-11.175821,-0.687140,
11.195862,-11.294262,-0.664398,
11.350736,-11.420785,-0.714015,
11.503334,-11.550037,-0.686050,
11.664368,-11.668551,-0.664804,
11.819011,-11.795355,-0.710790,
11.972264,-11.923818,-0.619572,
12.134074,-12.041295,-0.653701,
12.292329,-12.163585,-0.652116,
12.453522,-12.281943,-0.643949,
12.610591,-12.405716,-0.677310,
12.766769,-12.530625,-0.658282,
12.926275,-12.650896,-0.712950,
13.080825,-12.777758,-0.667669,
13.242780,-12.895064,-0.611370,
13.400423,-13.018096,-0.680026,
13.555887,-13.143908,-0.640473,
13.717100,-13.262136,-0.656770,
13.871022,-13.389836,-0.694355,
14.028665,-13.512819,-0.625994,
14.188504,-13.632937,-0.668951,
14.341935,-13.761212,-0.712289,
14.496966,-13.887374,-0.610857,
14.658427,-14.005310,-0.657304,
14.817241,-14.126871,-0.648231,
14.978686,-14.244889,-0.644940,
15.134812,-14.369866,-0.685057,
15.292786,-14.492322,-0.573266,
15.452938,-14.611978,-0.649487,
15.617018,-14.726278,-0.596232,
15.778436,-14.844289,-0.657304,
15.937442,-14.965579,-0.605384,
16.102742,-15.078162,-0.594292,
16.269074,-15.189212,-0.580772,
16.435432,-15.300229,-0.589593,
16.601711,-15.411360,-0.596234,
16.771926,-15.516173,-0.515855,
16.946190,-15.614278,-0.486308,
17.122321,-15.709017,-0.487692,
17.292905,-15.813378,-0.530986,
17.469317,-15.907457,-0.464787,
17.648185,-15.996906,-0.454161,
17.826606,-16.087223,-0.483609,
18.006058,-16.175453,-0.432784,
18.185584,-16.263525,-0.455423,
18.365178,-16.351538,-0.455908,
18.550387,-16.426846,-0.429991,
18.734891,-16.503883,-0.368983,
18.922501,-16.573170,-0.359151,
19.107091,-16.650051,-0.414188,
19.289409,-16.732258,-0.406880,
19.474248,-16.808393,-0.317656,
19.664002,-16.871588,-0.323370,
19.853160,-16.936535,-0.338869,
20.041552,-17.003675,-0.344662,
20.228590,-17.074362,-0.399974,
20.414980,-17.146443,-0.304416,
20.607179,-17.201695,-0.272977,
20.797657,-17.262563,-0.326078,
20.987118,-17.326629,-0.326078,
21.176662,-17.390449,-0.323063,
21.368011,-17.448618,-0.288445,
21.559505,-17.506314,-0.300229,
21.750085,-17.566947,-0.324569,
21.943437,-17.617635,-0.244137,
22.136458,-17.669943,-0.272702,
22.329018,-17.723947,-0.257771,
22.521805,-17.777009,-0.298166,
22.713397,-17.834388,-0.288162,
22.905431,-17.890265,-0.280347,
23.098846,-17.941113,-0.278522,
23.290576,-17.998009,-0.277439,
23.483590,-18.050336,-0.229565,
23.677813,-18.098002,-0.273212,
23.869850,-18.153813,-0.300229,
24.060432,-18.214442,-0.324569,
24.253794,-18.265088,-0.243324,
24.446871,-18.317191,-0.271572,
24.637898,-18.376420,-0.306172,
24.829637,-18.432919,-0.231249,
25.023834,-18.480711,-0.275676,
25.215536,-18.537642,-0.306304,
25.405871,-18.598956,-0.265304,
25.600064,-18.646731,-0.236216,
25.793139,-18.698808,-0.277852,
25.986107,-18.751349,-0.254851,
26.179098,-18.803795,-0.257438,
26.373558,-18.850531,-0.232937,
26.567514,-18.899027,-0.210374,
26.762779,-18.942225,-0.230137,
26.958440,-18.983238,-0.162529,
27.155403,-19.017167,-0.217292,
27.351711,-19.055277,-0.147191,
27.550217,-19.078741,-0.017328,
27.748940,-19.096564,-0.195298,
27.946896,-19.123229,-0.034792,
28.146844,-19.126250,0.000000,
28.346844,-19.126250,0.000000,
28.546844,-19.126250,0.000000,
28.746844,-19.126250,0.000000,
28.946844,-19.126250,0.000000,
29.146844,-19.126250,0.000000,
29.346120,-19.112356,0.226783,
29.542883,-19.079700,0.041545,
29.738115,-19.038655,0.275579,
29.932438,-18.991433,0.229566,
30.124465,-18.936128,0.318903,
30.313714,-18.871560,0.364279,
30.498733,-18.795746,0.365286,
30.678894,-18.709702,0.554736,
30.850062,-18.606346,0.535556,
31.018717,-18.498907,0.588857,
31.183660,-18.386013,0.717534,
31.327711,-18.247389,0.785398,
31.469129,-18.105964,0.787300,
31.598104,-17.953852,1.009801,
31.703606,-17.784016,1.048807,
31.796073,-17.606693,1.101817,
31.885744,-17.427944,1.128306,
31.954543,-17.240388,1.271812,
32.001738,-17.046073,1.322135,
32.052267,-16.852609,1.368613,
32.066473,-16.653768,1.564864,
32.067547,-16.453772,1.568309,
32.066713,-16.253788,1.630991,
32.030600,-16.057632,1.824456,
31.981890,-15.863676,1.799244,
31.920497,-15.673997,1.988751,
31.845824,-15.488512,1.950529,
31.760012,-15.308079,2.066953,
31.656149,-15.137189,2.099000,
31.553441,-14.965908,2.260243,
31.415946,-14.820846,2.356194,
31.274525,-14.679425,2.356194,
31.133103,-14.538003,2.356194,
30.991682,-14.396582,2.356194,
30.849387,-14.256072,2.398957,
30.688796,-14.137468,2.545358,
30.515993,-14.037415,2.669396,
30.336175,-13.949923,2.672451,
30.156997,-13.861136,2.654562,
29.977377,-13.773261,2.703315,
29.791475,-13.699591,2.750486,
29.606228,-13.624434,2.796152,
29.417956,-13.556964,2.787732,
29.230842,-13.486346,2.775672,
29.043576,-13.416132,2.791445,
28.854389,-13.351303,2.768685,
28.667998,-13.278794,2.787049,
28.479081,-13.213236,2.804614,
28.292617,-13.141111,2.749852,
28.108868,-13.062147,2.727382,
27.924624,-12.984407,2.760166,
27.744932,-12.897023,2.648024,
27.575708,-12.790668,2.530192,
27.414513,-12.672438,2.464505,
27.263056,-12.542304,2.335323,
27.124617,-12.397962,2.335323,
27.001998,-12.240210,2.212531,
26.893194,-12.072705,2.107370,
26.800146,-11.896040,1.991939,
26.735690,-11.707133,1.856438,
26.693443,-11.511722,1.746357,
26.658511,-11.314797,1.746357,
26.625607,-11.117574,1.684922,
26.610315,-10.918291,1.573011,
26.612513,-10.718322,1.494283,
26.634828,-10.519686,1.426342,
26.665755,-10.322099,1.431148,
26.691308,-10.123765,1.465826,
26.702973,-9.924252,1.490819,
26.731942,-9.726522,1.385081,
26.765613,-9.529394,1.412011,
26.790848,-9.331061,1.501802,
26.801335,-9.131511,1.445782,
26.834826,-8.934364,1.402056,
26.859298,-8.735875,1.461949,
26.878775,-8.536844,1.489719,
26.889215,-8.337205,1.486929,
26.920434,-8.139792,1.387801,
26.948302,-7.941760,1.450856,
26.969762,-7.742943,1.486198,
26.980100,-7.543311,1.570796,
26.993373,-7.344031,1.445517,
27.024648,-7.146505,1.413548,
27.054701,-6.948787,1.437640,
27.072600,-6.749790,1.570796,
27.081058,-6.550187,1.422379,
27.111951,-6.352598,1.446331,
27.135757,-6.154026,1.463402,
27.154940,-5.954966,1.490262,
27.165482,-5.755318,1.503913,
27.195095,-5.557746,1.384956,
27.223632,-5.359815,1.450492,
27.244810,-5.160968,1.484792,
27.256078,-4.961338,1.547232,
27.269392,-4.762009,1.413075,
27.300700,-4.564475,1.414100,
27.327737,-4.366324,1.441737,
27.346882,-4.167287,1.514674,
27.350633,-3.967381,1.557157,
27.373513,-3.768884,1.405512,
27.398794,-3.570542,1.475293,
27.417330,-3.371404,1.483307,
27.434001,-3.172103,1.492562,
27.442600,-2.972387,1.570796,
27.450024,-2.772675,1.455777,
27.476927,-2.574544,1.456826,
27.494712,-2.375358,1.501183,
27.509639,-2.175921,1.484920,
27.526174,-1.976608,1.492415,
27.535100,-1.776905,1.570796,
27.536559,-1.576933,1.510772,
27.556519,-1.378049,1.415185,
27.578159,-1.179367,1.520764,
27.581350,-0.979437,1.570796,
27.581350,-0.779437,1.570796,
27.581350,-0.579437,1.570796,
27.586185,-0.379529,1.532479,
27.599572,-0.179988,1.484625,
27.616383,0.019303,1.492170,
27.627600,0.218915,1.570796,
27.627600,0.418915,1.570796,
27.627600,0.618915,1.570796,
27.627600,0.818915,1.570796,
27.627600,1.018915,1.570796,
27.627600,1.218915,1.570796,
27.627600,1.418915,1.570796,
27.627600,1.618915,1.570796,
27.627600,1.818915,1.570796,
27.627600,2.018915,1.570796,
27.626308,2.218878,1.627960,
27.612294,2.418377,1.647508,
27.595848,2.617697,1.634001,
27.584528,2.817364,1.608652,
27.581350,3.017304,1.570796,
27.581275,3.217304,1.582592,
27.573083,3.417048,1.692714,
27.545616,3.615108,1.680224,
27.534216,3.814621,1.578291,
27.528857,4.014490,1.627597,
27.512996,4.213854,1.659235,
27.494249,4.412970,1.671838,
27.468663,4.611256,1.771406,
27.442732,4.809093,1.578089,
27.427901,5.008456,1.672162,
27.401343,5.206665,1.743539,
27.365768,5.403468,1.761956,
27.348018,5.602262,1.686496,
27.317712,5.799866,1.776055,
27.277866,5.995852,1.761868,
27.252968,6.194012,1.712405,
27.215565,6.390398,1.789642,
27.175749,6.586361,1.753435,
27.152360,6.784816,1.735516,
27.109477,6.980120,1.797345,
27.073273,7.176718,1.711215,
27.034232,7.372752,1.800216,
26.993577,7.568528,1.745720,
26.958177,7.765236,1.836032,
26.908176,7.958873,1.800141,
26.862753,8.153639,1.819409,
26.816862,8.348279,1.744605,
26.783711,8.545507,1.730127,
26.741162,8.740867,1.810111,
26.697624,8.936065,1.791686,
26.648140,9.129776,1.807305,
26.615140,9.326954,1.704218,
26.573339,9.522409,1.847692,
26.520039,9.715171,1.832977,
26.471217,9.909112,1.804134,
26.428320,10.104440,1.781284,
26.379978,10.298407,1.785003,
26.341163,10.494589,1.758273,
26.294866,10.689046,1.840817,
26.247064,10.883223,1.797938,
26.200991,11.077842,1.810506,
26.155718,11.272634,1.784610,
26.108204,11.466864,1.833795,
26.065425,11.662135,1.742447,
26.023864,11.857650,1.829602,
25.975400,12.051664,1.791514,
25.932795,12.247071,1.794300,
25.888282,12.442054,1.796469,
25.842588,12.636694,1.840266,
25.797583,12.831494,1.772119,
25.758974,13.027691,1.841065,
25.708440,13.221184,1.800141,
25.663243,13.416003,1.824214,
25.616658,13.610478,1.792831,
25.582954,13.807586,1.788614,
25.533162,14.001210,1.814498,
25.486014,14.195572,1.808621,
25.435442,14.389035,1.810462,
25.390615,14.583941,1.789097,
25.345626,14.778811,1.803451,
25.311388,14.975775,1.709803,
25.263878,15.169846,1.802644,
25.218977,15.364737,1.791514,
25.174525,15.559733,1.800350,
25.132083,15.755163,1.779142,
25.084002,15.949205,1.780862,
25.044748,16.145308,1.768198,
24.997337,16.339519,1.834713,
24.949661,16.533735,1.797199,
24.903401,16.728308,1.800552,
24.859544,16.923430,1.780554,
24.811918,17.117617,1.826779,
24.770388,17.313181,1.745468,
24.727511,17.508407,1.836784,
24.679424,17.702516,1.791514,
24.636750,17.897907,1.799334,
24.592212,18.092882,1.790118,
24.546120,18.287403,1.849684,
24.501956,18.482396,1.768375,
24.462379,18.678391,1.845903,
24.411829,18.871866,1.811083,
24.365969,19.066530,1.829528,
24.319098,19.260926,1.792171,
24.274639,19.455898,1.853206,
24.228206,19.650313,1.762937,
24.187535,19.846079,1.814355,
24.137539,20.039688,1.800705,
24.093713,20.234825,1.790314,
24.048741,20.429700,1.801837,
24.007033,20.625287,1.816959,
23.958022,20.819134,1.786326,
23.920176,21.015492,1.763216,
23.871983,21.209536,1.829411,
23.826000,21.404158,1.790635,
23.780295,21.598864,1.801752,
23.737408,21.794202,1.782558,
23.689591,21.988311,1.772328,
23.650107,22.184366,1.785837,
23.601218,22.378241,1.825869,
23.554367,22.572651,1.782707,
23.511154,22.767921,1.797841,
23.467706,22.963139,1.778440,
23.419047,23.157062,1.817468,
23.379657,23.353094,1.745803,
23.334039,23.547681,1.845797,
23.286923,23.742030,1.793367,
23.243637,23.937284,1.804706,
23.199678,24.132378,1.780158,
23.164093,24.328994,1.849436,
23.113396,24.522422,1.809553,
23.068072,24.717218,1.798732,
23.021531,24.911709,1.783749,
22.976735,25.106605,1.844776,
22.928694,25.300670,1.743936,
22.891632,25.497161,1.818960,
22.841286,25.690711,1.800141,
22.797272,25.885804,1.793314,
22.752708,26.080775,1.796798,
22.710855,26.276325,1.826320,
22.662317,26.470291,1.780600,
22.624385,26.666637,1.770243,
22.575751,26.860580,1.823606,
22.529798,27.055217,1.793218,
22.482793,27.249607,1.802447,
22.439623,27.444886,1.783479,
22.390154,27.638624,1.774335,
22.351919,27.834918,1.783909,
22.303740,28.028953,1.814807,
22.258249,28.223695,1.780854,
22.214722,28.418889,1.802889,
22.171629,28.614184,1.779600,
22.122798,28.808042,1.809942,
22.083211,29.004051,1.752779,
22.036148,29.198323,1.845797,
21.989528,29.392795,1.794919,
21.945065,29.587786,1.808991,
21.900548,29.782749,1.781512,
21.851942,29.976647,1.790840,
21.811341,30.172464,1.763306,
21.766839,30.367346,1.843294,
21.717614,30.561159,1.795124,
21.672817,30.756077,1.798324,
21.628708,30.951139,1.775677,
21.583288,31.145854,1.835285,
21.538286,31.340637,1.745468,
21.498835,31.536628,1.828275,
21.449038,31.730320,1.800141,
21.404781,31.925357,1.801582,
21.360738,32.120442,1.774718,
21.317830,32.315729,1.839663,
21.270491,32.509973,1.775241,
21.231979,32.706203,1.782045,
21.181460,32.899678,1.820458,
21.135756,33.094377,1.792385,
21.089238,33.288869,1.791179,
21.054950,33.485862,1.725090,
21.006106,33.679717,1.808762,
20.961059,33.874570,1.783367,
20.917157,34.069681,1.804134,
20.874365,34.265040,1.781717,
20.825708,34.458944,1.795704,
20.786862,34.655119,1.757919,
20.738711,34.849144,1.843887,
20.692423,35.043697,1.796945,
20.646643,35.238384,1.812705,
20.602119,35.433339,1.781551,
20.554060,35.627388,1.782873,
20.514220,35.823370,1.767524,
20.468643,36.018010,1.836298,
20.420340,36.212064,1.793805,
20.375279,36.406920,1.801638,
20.332365,36.602252,1.772874,
20.286778,36.796907,1.828105,
20.242831,36.991941,1.745468,
20.202590,37.187757,1.835456,
20.152995,37.381497,1.800141,
20.108313,37.576434,1.809887,
20.064089,37.771471,1.776626,
20.020619,37.966618,1.850321,
19.973510,38.160903,1.772691,
19.934969,38.357135,1.780025,
19.888658,38.551662,1.788550,
19.845826,38.747021,1.790660,
19.796731,38.940804,1.763379,
19.758712,39.137137,1.804041,
19.708803,39.330765,1.804547,
19.663892,39.525654,1.790563,
19.619180,39.720588,1.804134,
19.577135,39.916105,1.779397,
19.528962,40.110119,1.783446,
19.490830,40.306442,1.759814,
19.442529,40.500445,1.836691,
19.396343,40.695027,1.796945,
19.349695,40.889508,1.811496,
19.304826,41.084393,1.785870,
19.256659,41.278463,1.833797,
19.215515,41.474105,1.747046,
19.174927,41.669894,1.802866,
19.132026,41.865230,1.772799,
19.086858,42.059966,1.823089,
19.042549,42.254932,1.745468,
19.003114,42.450930,1.840488,
18.953271,42.644595,1.786334,
18.911785,42.840240,1.772139,
18.869633,43.035743,1.775456,
18.847567,43.233913,1.617133,
18.874575,43.431531,1.405094,
18.920994,43.625870,1.308107,
18.972930,43.819009,1.308107,
19.049207,44.003696,1.165090,
19.130508,44.186220,1.011506,
19.236625,44.355747,1.011506,
19.362099,44.510144,0.803219,
19.510187,44.644102,0.689288,
19.671216,44.762559,0.590592,
19.839558,44.870504,0.559230,
20.012364,44.971149,0.500607,
20.188878,45.065144,0.472821,
20.367078,45.155919,0.491710,
20.523424,45.279344,0.762045,
20.666378,45.418594,0.930754,
20.768456,45.590044,1.139337,
20.854389,45.770462,1.277824,
20.881075,45.967867,1.389447,
20.916145,46.164426,1.500236,
20.917656,46.364197,1.632860,
20.893627,46.562568,1.747687,
20.874072,46.761329,1.579587,
20.859489,46.960254,1.749191,
20.813459,47.154864,1.799588,
20.770616,47.350218,1.787167,
20.721188,47.543952,1.769815,
20.684313,47.740510,1.765309,
20.642671,47.936095,1.801012,
20.599495,48.131373,1.779142,
20.550704,48.325249,1.812980,
20.510940,48.521221,1.754486,
20.470487,48.717064,1.808467,
20.425333,48.911886,1.785330,
20.377847,49.106063,1.858216,
20.335040,49.301376,1.767129,
20.294470,49.497193,1.796156,
20.248561,49.691839,1.779502,
20.204806,49.886969,1.814460,
20.156742,50.081035,1.787859,
20.121058,50.277817,1.750219,
20.076636,50.472819,1.796660,
20.035163,50.668466,1.779142,
19.985798,50.862236,1.780443,
19.947768,51.058560,1.762712,
19.904094,51.253686,1.798517,
19.860667,51.448906,1.780625,
19.812370,51.642913,1.828835,
19.770821,51.838478,1.748899,
19.729673,52.034140,1.812517,
19.687988,52.229685,1.736906,
19.653596,52.426623,1.845797,
19.602878,52.620056,1.811927,
19.559437,52.815278,1.783871,
19.514753,53.010211,1.778079,
19.481041,53.207255,1.705759,
19.431260,53.400908,1.804450,
19.385639,53.595634,1.801232,
19.338380,53.789963,1.818834,
19.300446,53.986220,1.721089,
19.256995,54.181120,1.843679,
19.209985,54.375492,1.794283,
19.165243,54.570423,1.797607,
19.124977,54.766267,1.710393,
19.087476,54.962495,1.826992,
19.038319,55.156346,1.800141,
18.994100,55.351391,1.800443,
18.950667,55.546612,1.774718,
18.906248,55.741539,1.837238,
18.860586,55.936187,1.774910,
18.822934,56.132593,1.771901,
18.775546,56.326884,1.799023,
18.732411,56.522175,1.846063,
18.683527,56.716028,1.766755,
18.646495,56.912561,1.772930,
18.603421,57.107842,1.804134,
18.560580,57.303194,1.781717,
18.511588,57.497022,1.802517,
18.472749,57.693199,1.757874,
18.430879,57.888743,1.804431,
18.387215,58.083899,1.776315,
18.338890,58.277859,1.788324,
18.298492,58.473720,1.762543,
18.254119,58.668633,1.841648,
18.204820,58.862430,1.796834,
18.159440,59.057213,1.802868,
18.115762,59.252338,1.756684,
18.081064,59.449214,1.827704,
18.030763,59.642781,1.800141,
17.986543,59.837827,1.801076,
17.942127,60.032830,1.790659,
17.909260,60.230070,1.765580,
17.861563,60.424206,1.818271,
17.815511,60.618820,1.790056,
17.769386,60.813412,1.791724,
17.726777,61.008818,1.783451,
17.677353,61.202538,1.818963,
17.637786,61.398556,1.754315,
17.596743,61.594270,1.808275,
17.552228,61.789240,1.783247,
17.504032,61.983248,1.801104,
17.463418,62.179048,1.757116,
17.418297,62.373780,1.845797,
17.370527,62.567950,1.792143,
17.326783,62.763108,1.790719,
17.283551,62.958338,1.760447,
17.249485,63.155235,1.821399,
17.199777,63.348933,1.803509,
17.154166,63.543661,1.807526,
17.106988,63.738013,1.786289,
17.062886,63.933070,1.824349,
17.014916,64.127172,1.779694,
16.978037,64.323726,1.758737,
16.936423,64.519320,1.793469,
16.892999,64.714541,1.788497,
16.843458,64.908269,1.773061,
16.805751,65.104663,1.779547,
16.758198,65.298844,1.815957,
16.711555,65.493320,1.788569,
16.665725,65.687978,1.786374,
16.623666,65.883504,1.778255,
16.575381,66.077477,1.815895,
16.533887,66.273081,1.757783,
16.493370,66.468914,1.812004,
16.447717,66.663617,1.786325,
16.399726,66.857674,1.855832,
16.358506,67.053346,1.762273,
16.315550,67.248589,1.843745,
16.266463,67.442428,1.791514,
16.222617,67.637563,1.792213,
16.178191,67.832556,1.774718,
16.134489,68.027670,1.847481,
16.090228,68.222582,1.758245,
16.050789,68.418634,1.809883,
16.003526,68.612969,1.808877,
15.960739,68.808333,1.782905,
15.911299,69.002085,1.781477,
15.872609,69.198283,1.775810,
15.824517,69.392352,1.822046,
15.779447,69.587183,1.780908,
15.736007,69.782402,1.796990,
15.692887,69.977694,1.788497,
15.643350,70.171416,1.818687,
15.605599,70.367798,1.745468,
15.558074,70.561959,1.812938,
15.511222,70.756390,1.789963,
15.464887,70.950926,1.782432,
15.426044,71.147075,1.740034,
15.386392,71.342896,1.849436,
15.336792,71.536609,1.798305,
15.292052,71.731540,1.794799,
15.246590,71.926284,1.781244,
15.200497,72.120849,1.845797,
15.154863,72.315462,1.745538,
15.115933,72.511561,1.817740,
15.065980,72.705204,1.800141,
15.022182,72.900347,1.792231,
14.977936,73.095386,1.774718,
14.935000,73.290683,1.824722,
14.887395,73.484869,1.781576,
14.849712,73.681266,1.769823,
14.799521,73.874843,1.826524,
14.754098,74.069608,1.793218,
14.706986,74.263976,1.803305,
14.663646,74.459217,1.837606,
14.614661,74.653067,1.770577,
14.576811,74.849428,1.781488,
14.527764,75.043260,1.814285,
14.483315,75.238243,1.779846,
14.439449,75.433361,1.802029,
14.396858,75.628769,1.788497,
14.347310,75.822465,1.811541,
14.308789,76.018709,1.755873,
14.266683,76.214199,1.809301,
14.222051,76.409140,1.784644,
14.173569,76.603070,1.797524,
14.132448,76.798773,1.761457,
14.087274,76.993495,1.847600,
14.038320,77.187369,1.794739,
13.993850,77.382363,1.795248,
13.949778,77.577429,1.775405,
13.904011,77.772063,1.838670,
13.859370,77.966919,1.745468,
13.819567,78.162831,1.824900,
13.769897,78.356553,1.800141,
13.725776,78.551622,1.798586,
13.681838,78.746732,1.774718,
13.638490,78.941918,1.835429,
13.591302,79.136203,1.778280,
13.552848,79.332446,1.778864,
13.502052,79.525863,1.823187,
13.456582,79.720617,1.792245,
13.410181,79.915145,1.793374,
13.367205,80.110453,1.849812,
13.318748,80.304400,1.766769,
13.280843,80.500747,1.787737,
13.231247,80.694441,1.811305,
13.186541,80.889372,1.784434,
13.142051,81.084351,1.804134,
13.104701,81.280745,1.707148,
13.059588,81.475288,1.845797,
13.013501,81.669897,1.798100,
12.967554,81.864543,1.815495,
12.923057,82.059501,1.781730,
12.874926,82.253519,1.786377,
12.835049,82.449490,1.764303,
12.789244,82.644074,1.838912,
12.741301,82.838213,1.793441,
12.696444,83.033117,1.799339,
12.653501,83.228441,1.773220,
12.607599,83.423029,1.831483,
12.563934,83.618118,1.745468,
12.523279,83.813843,1.832074,
12.473877,84.007633,1.800141,
12.429226,84.202578,1.807143,
12.385108,84.397643,1.776883,
12.341093,84.592663,1.845884,
12.294388,84.787054,1.774474,
12.255323,84.983171,1.786720,
12.204341,85.176528,1.817392,
12.159993,85.371541,1.785488,
12.114440,85.566272,1.789572,
12.070669,85.761400,1.855832,
12.023056,85.955537,1.766737,
11.983639,86.151578,1.803569,
11.933681,86.345194,1.805530,
11.889078,86.540154,1.789670,
11.844128,86.735032,1.804134,
11.802394,86.930621,1.812434,
11.753975,87.124575,1.784652,
11.716486,87.321027,1.758619,
11.666133,87.514542,1.806524,
11.620177,87.709188,1.798205,
11.573525,87.903670,1.809471,
11.529596,88.098773,1.787167,
11.479704,88.292421,1.779565,
11.441511,88.488706,1.767773,
11.395682,88.683290,1.823957,
11.349040,88.877748,1.791514,
11.306279,89.073120,1.794549,
11.263841,89.268511,1.736031,
11.227013,89.464814,1.839261,
11.177869,89.658664,1.800141,
11.132562,89.853452,1.817147,
11.087947,90.048395,1.780457,
11.043130,90.243218,1.855314,
10.996902,90.437716,1.772691,
10.956556,90.633561,1.798969,
10.905422,90.826873,1.813923,
10.861159,91.021910,1.787837,
10.816287,91.216801,1.779194,
10.772801,91.411982,1.855832,
10.726665,91.606453,1.761054,
10.686872,91.802402,1.814272,
10.636905,91.996027,1.802644,
10.592510,92.191035,1.793362,
10.547655,92.385939,1.800134,
10.506254,92.581601,1.823229,
10.458067,92.775619,1.781151,
10.419292,92.971823,1.769182,
10.368614,93.165269,1.807012,
10.322716,93.359928,1.796932,
10.276381,93.554484,1.799521,
10.233567,93.749840,1.782779,
10.184162,93.943601,1.775232,
10.146249,94.139952,1.776862,
10.099168,94.334247,1.818160,
10.053013,94.528830,1.791514,
10.009927,94.724126,1.799583,
9.966254,94.919295,1.779142,
9.918182,95.113344,1.815006,
9.877477,95.309102,1.748203,
9.833074,95.503974,1.846587,
9.784591,95.697986,1.803057,
9.737350,95.892307,1.828885,
9.692646,96.087228,1.788415,
9.644793,96.281334,1.853397,
9.603256,96.476922,1.760876,
9.559526,96.671986,1.844622,
9.510813,96.865913,1.789552,
9.467335,97.061130,1.790325,
9.423124,97.256169,1.774718,
9.379264,97.451260,1.840000,
9.331907,97.645499,1.786042,
9.295787,97.842197,1.799127,
9.250491,98.037000,1.799370,
9.208570,98.232553,1.836774,
9.160946,98.426699,1.774094,
9.121688,98.622803,1.776225,
9.070928,98.816231,1.807012,
9.025170,99.010923,1.795343,
8.979167,99.205550,1.789603,
8.937404,99.401138,1.780262,
8.888119,99.594912,1.769529,
8.850516,99.791335,1.749293,
8.809836,99.987123,1.803111,
8.765961,100.182243,1.779979,
8.718085,100.376319,1.809312,
8.676693,100.571943,1.753088,
8.633995,100.767259,1.827277,
8.589960,100.962288,1.740128,
8.555934,101.159369,1.787161,
8.511045,101.354257,1.806564,
8.468915,101.549755,1.815544,
8.419636,101.743537,1.787194,
8.381634,101.939861,1.762153,
8.333972,102.134027,1.830291,
8.287119,102.328444,1.800141,
8.237334,102.522139,1.828547,
8.191011,102.716684,1.838122,
8.131022,102.907431,1.878705,
8.072448,103.098658,1.859241,
8.015186,103.290285,1.868962,
7.961153,103.482796,1.832640,
7.903410,103.674223,1.896874,
7.838628,103.863437,1.910388,
7.767167,104.050214,1.941769,
7.698979,104.238190,1.888049,
7.633955,104.427308,1.918282,
7.565192,104.615115,1.915774,
7.498378,104.803622,1.906043,
7.434640,104.993193,1.894166,
7.371024,105.182804,1.942427,
7.294944,105.367744,1.974547,
7.224461,105.554890,1.923365,
7.156796,105.743092,1.902772,
7.092563,105.932487,1.924232,
7.016602,106.117406,1.949527,
6.944500,106.303953,1.941323,
6.873537,106.490935,1.913655,
6.806590,106.679397,1.910479,
6.731289,106.864669,1.951815,
6.661769,107.052180,1.925090,
6.587606,107.237887,1.969331,
6.514873,107.424129,1.931269,
6.439421,107.609316,1.979391,
6.360866,107.793240,1.969513,
6.291940,107.980977,1.917669,
6.224886,108.169400,1.907295,
6.151620,108.355360,1.984400,
6.072479,108.539025,1.955700,
6.000586,108.725638,1.936179,
5.924784,108.910705,1.958657,
5.851965,109.096947,1.907295,
5.778988,109.283069,1.976941,
5.700819,109.467159,1.966943,
5.631426,109.654676,1.955570,
5.555962,109.839893,1.959880,
5.481720,110.025563,1.921395,
5.408537,110.211577,1.977951,
5.330835,110.395852,1.943701,
5.259881,110.582824,1.943358,
5.182629,110.767295,1.967096,
5.108839,110.953153,1.914598,
5.035696,111.139230,1.974726,
4.958408,111.323690,1.959861,
4.888907,111.511184,1.964763,
4.812080,111.695839,1.965398,
4.737959,111.881547,1.915881,
4.666723,112.068370,1.965986,
4.587255,112.251873,2.000892,
4.507024,112.435009,1.943855,
4.434940,112.621557,1.951492,
4.357069,112.805756,1.984541,
4.284169,112.991926,1.917548,
4.212324,113.178544,1.966656,
4.134385,113.362728,1.931235,
4.063085,113.549585,1.939164,
3.986026,113.734131,1.974346,
3.913849,113.920594,1.917906,
3.843653,114.107847,1.948583,
3.766107,114.292143,1.939768,
3.693011,114.478289,1.960797,
3.613474,114.661780,1.989237,
3.538852,114.847297,1.957276,
3.460799,115.031422,1.981504,
3.383095,115.215705,1.958889,
3.312968,115.402972,1.967535,
3.236015,115.587574,1.964059,
3.162738,115.773612,1.912263,
3.091061,115.960262,1.965868,
3.013731,116.144707,1.970512,
2.943228,116.331796,1.956306,
2.863682,116.515288,1.989119,
2.782081,116.697882,1.984199,
2.709524,116.884193,1.919189,
2.636748,117.070450,1.969919,
2.558729,117.254594,1.931474,
2.487237,117.441377,1.940613,
2.410111,117.625897,1.973165,
2.338864,117.812722,1.918090,
2.268196,117.999791,1.952460,
2.190812,118.184149,1.936221,
2.117519,118.370214,1.962613,
2.038141,118.553779,1.985971,
1.966826,118.740565,1.914612,
1.894822,118.927126,1.964391,
1.817702,119.111650,1.932888,
1.745510,119.298161,1.946423,
1.666242,119.481769,1.980036,
1.592100,119.667476,1.942756,
1.515713,119.852299,1.968837,
1.438133,120.036640,1.969540,
1.367740,120.223768,1.958656,
1.289566,120.407855,1.970631,
1.216630,120.594045,1.916664,
1.142363,120.779699,1.971564,
1.062062,120.962861,1.997346,
0.983537,121.146770,1.931357,
0.911906,121.333500,1.941770,
0.834454,121.517884,1.974336,
0.763397,121.704785,1.920039,
0.692205,121.891655,1.954105,
0.616453,122.076648,1.931167,
0.541391,122.261992,1.983185,
0.460583,122.444934,2.003356,
0.376211,122.626264,2.000787,
0.301928,122.811893,1.959583,
0.221185,122.994853,1.982353,
0.142079,123.178540,1.969300,
0.072166,123.365866,1.961266,
-0.003789,123.550882,1.959546,
-0.084441,123.733882,1.993781,
-0.160966,123.918603,2.002479,
-0.246306,124.099476,2.017427,
-0.330612,124.280827,1.996500,
-0.412144,124.463449,2.001632,
-0.492386,124.646624,1.943850,
-0.569975,124.830909,2.005452,
-0.655633,125.011603,2.041900,
-0.743405,125.191298,2.033058,
-0.825953,125.373457,1.995249,
-0.907268,125.556177,1.981947,
-0.982373,125.741494,1.968762,
-1.066005,125.923088,2.034438,
-1.156853,126.101247,2.023327,
-1.245797,126.280360,2.001466,
-1.332345,126.460626,2.009765,
-1.423015,126.638869,2.032537,
-1.512865,126.817545,2.028546,
-1.602519,126.996321,2.035386,
-1.693714,127.174311,2.052204,
-1.782730,127.353399,2.043287,
-1.870616,127.533001,2.015739,
-1.960331,127.711712,2.024747,
-2.049652,127.890648,2.024444,
-2.138750,128.069700,2.041973,
-2.229561,128.247890,2.051062,
-2.318960,128.426782,2.043392,
-2.406956,128.606336,2.048055,
-2.496381,128.785192,2.053257,
-2.585874,128.964035,2.044584,
-2.675064,129.143039,2.037339,
-2.765502,129.321421,2.049954,
-2.855269,129.500128,2.025431,
-2.943150,129.679746,2.048497,
-3.032328,129.858728,2.052725,
-3.122001,130.037474,2.045265,
-3.211489,130.216324,2.038808,
-3.301741,130.394803,2.038107,
-3.392143,130.573193,2.026175,
-3.480892,130.752399,2.007617,
-3.569010,130.931902,2.014131,
-3.658828,131.110570,2.020335,
-3.747914,131.289617,2.021234,
-3.833918,131.470173,2.005923,
-3.916817,131.652181,2.004326,
-4.001319,131.833421,2.041526,
-4.083323,132.015790,1.978840,
-4.155610,132.202266,1.939196,
-4.231378,132.387337,1.977443,
-4.306031,132.572824,1.926877,
-4.375382,132.760414,1.916966,
-4.441404,132.949191,1.875771,
-4.500497,133.140259,1.865372,
-4.551222,133.333687,1.803734,
-4.599971,133.527615,1.845480,
-4.648396,133.721640,1.795932,
-4.692151,133.916788,1.808199,
-4.736555,134.111759,1.722074,
-4.760102,134.310277,1.704711,
-4.791600,134.507749,1.742140,
-4.830132,134.703973,1.744450,
-4.845466,134.903090,1.625858,
-4.862963,135.102283,1.694351,
-4.888745,135.300602,1.721622,
-4.919223,135.498266,1.726331,
-4.932400,135.697538,1.570796,
-4.942009,135.897222,1.646756,
-4.958051,136.096576,1.653776,
-4.971846,136.296091,1.633489,
-4.979785,136.495925,1.601486,
-4.995638,136.695135,1.714843,
-5.019898,136.893589,1.649590,
-5.025096,137.093444,1.571710,
-5.027237,137.293386,1.627101,
-5.041506,137.492865,1.670483,
-5.061836,137.691826,1.687053,
-5.087367,137.890163,1.721940,
-5.115278,138.088158,1.607603,
-5.120319,138.288007,1.647583,
-5.147892,138.485960,1.756836,
-5.187886,138.681894,1.789464,
-5.219147,138.879334,1.824139,
-5.270014,139.072740,1.807012,
-5.315821,139.267422,1.806536,
-5.362624,139.461869,1.807523,
-5.405749,139.657156,1.828357,
-5.456153,139.850686,1.801418,
-5.502506,140.045230,1.825420,
-5.550593,140.239309,1.778224,
-5.588551,140.435650,1.773168,
-5.637400,140.629542,1.821196,
-5.683442,140.824161,1.796103,
-5.745406,141.014291,1.896874,
-5.809253,141.203826,1.894307,
-5.873942,141.393063,1.916386,
-5.956813,141.574847,2.017230,
-6.046308,141.753620,2.054470,
-6.172448,141.907548,2.356194,
-6.313870,142.048970,2.356194,
-6.455291,142.190391,2.356194,
-6.618044,142.304669,2.649883,
-6.797240,142.393428,2.690300,
-6.980777,142.472424,2.818530,
-7.174610,142.518863,3.025483,
-7.370553,142.557201,3.042836,
-7.570309,142.563750,3.141593,
