episode,outcome,total_reward,steps,success,reward/terminal/collision,reward/distance/near,reward/heading/alignment,reward/speed/bonus,rolling_success_rate,rolling_avg_reward,rolling_avg_steps,spawn_point,spawn_stage
0,collision,-89.832814468008,1,False,-90.0,0.12,0.04635707661509514,0.0008284553769044578,0.0,-89.832814468008,1.0,spawn_1,
1,timeout,-39.674443940072315,1200,False,,13.56000000000001,91.72380680590868,8.161749254019014,0.0,-64.75362920404015,600.5,spawn_5,
2,timeout,-44.08770941971128,1200,False,,11.640000000000008,91.79756689071655,5.077673444075157,0.0,-57.86498927593053,800.3333333333334,spawn_5,
3,collision,-84.79735277466767,62,False,-90.0,7.440000000000005,0.11305234668543562,0.14959487864689436,0.0,-64.59808015061482,615.75,spawn_5,
4,collision,-89.80090471286792,1,False,-90.0,0.12,0.07809528708457947,0.0010000000474974513,0.0,-69.63864506306544,492.8,spawn_4,
5,collision,-87.0621081407182,30,False,-90.0,3.6000000000000014,0.08364257169887424,0.0542492875829339,0.0,-72.54255557600756,415.6666666666667,spawn_3,
6,collision,-86.8806080559484,66,False,-90.0,7.920000000000005,0.6322829434648156,0.21710900058678817,0.0,-74.59084878742769,365.7142857142857,spawn_5,
7,timeout,-16.65562433309342,1200,False,,17.160000000000007,92.08167958259583,8.362696084310755,0.0,-67.3489457306359,470.0,spawn_3,
8,collision,-89.86874593630898,1,False,-90.0,0.12,0.01025406364351511,0.0010000000474974513,0.0,-69.85114575348847,417.8888888888889,spawn_4,
9,collision,-89.80837621469516,1,False,-90.0,0.12,0.07062378525733948,0.0010000000474974513,0.0,-71.84686879960914,376.2,spawn_1,
10,timeout,-38.00717821716631,1200,False,,16.200000000000014,88.53270991891623,6.880111863917591,0.0,-68.77053329211434,451.09090909090907,spawn_5,
11,collision,-89.87095343530643,1,False,-90.0,0.12,0.008046564646065235,0.0010000000474974513,0.0,-70.52890163738034,413.5833333333333,spawn_2,
12,collision,-89.82055917311925,1,False,-90.0,0.12,0.05844082683324814,0.0010000000474974513,0.0,-72.01287529397564,381.84615384615387,spawn_4,
13,collision,-89.81718332373828,1,False,-90.0,0.12,0.06264624744653702,0.0001704288151813671,0.0,-73.28461158181584,354.64285714285717,spawn_5,
14,timeout,-34.52404275733022,1200,False,,13.68000000000001,91.72480321675539,7.5711540259144385,0.0,-70.70057366018345,411.0,spawn_4,
15,collision,-89.86814857314573,1,False,-90.0,0.12,0.01131829246878624,0.0005331343854777515,0.0,-71.8985470922436,385.375,spawn_1,
16,collision,-89.85221055079717,1,False,-90.0,0.12,0.026789449155330658,0.0010000000474974513,0.0,-72.95464494274675,362.7647058823529,spawn_4,
17,collision,-89.876153067681,1,False,-90.0,0.12,0.0028469322714954615,0.0010000000474974513,0.0,-73.89472872746532,342.6666666666667,spawn_3,
18,collision,-89.8745988409454,1,False,-90.0,0.12,0.004401159007102251,0.0010000000474974513,0.0,-74.73577452291164,324.6842105263158,spawn_1,
19,self_crash,-89.82291227310895,1,False,,0.12,0.0570877268910408,,0.0,-75.49013141042151,308.5,spawn_5,
20,collision,-89.82511676952242,1,False,-90.0,0.12,0.05488323047757149,,0.0,-76.17274976085488,293.85714285714283,spawn_6,
21,timeout,-26.680349075417187,1200,False,,12.360000000000008,92.90110264718533,5.118548277397622,0.0,-73.92309518424408,335.04545454545456,spawn_2,
22,collision,-89.85097794912406,1,False,-90.0,0.12,0.02860516868531704,0.00041688219062052667,0.0,-74.61561182619538,320.5217391304348,spawn_3,
23,collision,-89.8219162479462,1,False,-90.0,0.12,0.05708375200629234,0.0010000000474974513,0.0,-75.24920784376833,307.2083333333333,spawn_4,
24,timeout,-47.19745803948895,1200,False,,17.640000000000004,91.90151344239712,8.02602851811389,0.0,-74.12713785159715,342.92,spawn_3,
25,timeout,-18.242154420277192,1200,False,,15.480000000000011,91.1771179959178,7.740727583804983,0.0,-71.977715411931,375.88461538461536,spawn_1,
26,collision,-89.8222492122976,1,False,-90.0,0.12,0.05675115808844566,0.000999629613943398,0.0,-72.63862407120384,362.0,spawn_3,
27,collision,-89.8708529119566,1,False,-90.0,0.12,0.008228063583374023,0.0009190244600176811,0.0,-73.25406081551644,349.10714285714283,spawn_5,
28,collision,-82.98266311442393,106,False,-90.0,12.72000000000001,1.617281942628324,0.5800549429477542,0.0,-73.58952986030636,340.7241379310345,spawn_3,
29,timeout,-18.482006751830706,1200,False,,21.959999999999976,86.76214299350977,6.075850254659599,0.0,-71.75261242335718,369.3666666666667,spawn_1,
30,collision,-89.8324247032823,1,False,-90.0,0.12,0.04657529667019844,0.0010000000474974513,0.0,-72.33583217432249,357.48387096774195,spawn_2,
31,collision,-83.73757725210365,58,False,-90.0,6.960000000000004,0.06942288222489879,0.23299986567144515,0.0,-72.69213670800315,348.125,spawn_5,
32,collision,-89.84796275675296,1,False,-90.0,0.12,0.032037243247032166,,0.0,-73.21201022463194,337.6060606060606,spawn_5,
33,collision,-89.86808654223103,1,False,-90.0,0.12,0.010913457721471786,0.0010000000474974513,0.0,-73.70189482220837,327.70588235294116,spawn_2,
34,collision,-89.85651578584918,1,False,-90.0,0.12,0.02278790809214115,0.0006963060586713254,0.0,-74.16345542116954,318.37142857142857,spawn_2,
35,timeout,-26.008259417847036,1200,False,,19.67999999999999,88.87826634943485,6.676695776314773,0.0,-72.82581108774393,342.8611111111111,spawn_4,
36,timeout,-43.30359990388912,1200,False,,13.80000000000001,91.39486150443554,5.561538591675344,0.0,-72.02791348818027,366.02702702702703,spawn_2,
37,timeout,-16.916585454015852,1200,False,,19.079999999999995,87.52497355639935,6.648440989584742,0.0,-70.57761538201805,387.9736842105263,spawn_2,
38,timeout,-41.003383655274234,1200,False,,26.399999999999945,89.23527938872576,5.911336956000014,0.0,-69.81930174799898,408.79487179487177,spawn_3,
39,collision,-89.83215121589717,1,False,-90.0,0.12,0.04744230583310127,0.00040647826972417533,0.0,-70.31962298469644,398.6,spawn_3,
40,timeout,-22.67476641436177,1200,False,,25.199999999999953,85.08349791914225,5.8117356664961335,0.0,-69.15755331224925,418.1463414634146,spawn_2,
41,collision,-89.8353226060816,1,False,-90.0,0.12,0.044010408222675323,0.0006669856957159936,0.0,-69.64988115257859,408.2142857142857,spawn_3,
42,timeout,-47.667894171881606,1200,False,,22.079999999999973,92.0763584934175,5.5857473347009545,0.0,-69.1386721530275,426.6279069767442,spawn_4,
43,collision,-85.51919791491702,49,False,-90.0,5.8800000000000034,0.6406851932406425,0.16011689184233546,0.0,-69.51095682943408,418.04545454545456,spawn_4,
44,collision,-89.86295646172482,1,False,-90.0,0.12,0.016043538227677345,0.0010000000474974513,0.0,-69.96322348792943,408.77777777777777,spawn_2,
45,collision,-89.86139890667516,1,False,-90.0,0.12,0.017601093277335167,0.0010000000474974513,0.0,-70.39579251877173,399.9130434782609,spawn_1,
46,timeout,-24.976568635322238,1200,False,,22.91999999999997,89.5440321713686,6.239399193309509,0.0,-69.42942605316642,416.93617021276594,spawn_4,
47,collision,-89.82621938839554,1,False,-90.0,0.12,0.05378061160445213,,0.0,-69.85435924765035,408.2708333333333,spawn_6,
48,collision,-87.95278149336112,59,False,-90.0,7.0800000000000045,0.42872868198901415,0.18848982464987785,0.0,-70.22371480368527,401.14285714285717,spawn_6,
49,self_crash,-93.68292288432484,972,False,,20.279999999999987,75.1404093503952,5.496667765280108,0.0,-70.69289896529807,412.56,spawn_2,
50,timeout,-35.52518807628428,1200,False,,24.959999999999955,85.53964790329337,5.02516402042238,0.0,-70.00333600668995,428.0,spawn_4,
51,collision,-89.86639520991127,1,False,-90.0,0.12,0.01296135876327753,0.000643431325443089,0.0,-70.38531791444422,419.78846153846155,spawn_1,
52,collision,-89.8168515034439,1,False,-90.0,0.12,0.06214849650859833,0.0010000000474974513,0.0,-70.75195062367061,411.8867924528302,spawn_1,
53,timeout,-36.4662693557448,1200,False,,23.399999999999967,92.93900304660201,6.884727597653182,0.0,-70.1170306001905,426.48148148148147,spawn_4,
54,collision,-85.76932671389424,58,False,-90.0,6.960000000000004,0.28639227570965886,0.1342810103960801,0.0,-70.40161780225785,419.7818181818182,spawn_3,
55,collision,-84.9363422252354,40,False,-90.0,4.8000000000000025,0.4106580223888159,0.1529997523757629,0.0,-70.66116645266816,413.0,spawn_2,
56,collision,-84.27786806183038,46,False,-90.0,5.520000000000003,0.41678478196263313,0.1353471562069899,0.0,-70.90005595458328,406.56140350877195,spawn_3,
57,timeout,36.58030480013315,1200,False,,40.439999999999976,82.66495667770505,4.490401334360693,0.0,-69.04694628639852,420.2413793103448,spawn_4,
58,timeout,-12.240100897687082,1200,False,,10.200000000000006,91.32059586793184,7.846803234380786,0.0,-68.08411839845427,433.45762711864404,spawn_3,
59,timeout,28.377707981414574,1200,False,,42.839999999999996,85.28211668878794,6.653091292625959,0.0,-66.47642129212312,446.23333333333335,spawn_1,
60,collision,-89.84849556465167,1,False,-90.0,0.12,0.030504435300827026,0.0010000000474974513,0.0,-66.85957005068916,438.9344262295082,spawn_6,
61,collision,-89.86234603751916,1,False,-90.0,0.12,0.016653962433338165,0.0010000000474974513,0.0,-67.23058256660578,431.8709677419355,spawn_5,
62,collision,-86.84646642307402,53,False,-90.0,6.360000000000004,0.0836299784714356,0.15990359845454805,0.0,-67.54194580242272,425.85714285714283,spawn_3,
63,collision,-89.84086341221234,1,False,-90.0,0.12,0.03892603889107704,0.0002105488965753466,0.0,-67.89036639007568,419.21875,spawn_1,
64,timeout,-29.421132943743622,1200,False,,34.199999999999925,81.93778741639107,6.261079639865329,0.0,-67.29853202936289,431.2307692307692,spawn_4,
65,collision,-89.85785482381004,1,False,-90.0,0.12,0.021145176142454147,0.0010000000474974513,0.0,-67.64033995049088,424.7121212121212,spawn_2,
66,collision,-85.1327605318281,69,False,-90.0,8.280000000000005,0.07898244203533977,0.25825702613656176,0.0,-67.90142085468995,419.4029850746269,spawn_5,
67,collision,-89.24460520014632,17,False,-90.0,2.04,0.07405928988009691,0.041335509973578155,0.0,-68.21529121271135,413.4852941176471,spawn_3,
68,self_crash,-89.81317762762308,1,False,,0.12,0.06682237237691879,,0.0,-68.52830405930428,407.5072463768116,spawn_6,
69,collision,-89.80154392052907,1,False,-90.0,0.12,0.07745607942342758,0.0010000000474974513,0.0,-68.8322074858932,401.7,spawn_1,
70,collision,-89.87006944533903,1,False,-90.0,0.12,0.008930554613471031,0.0010000000474974513,0.0,-69.12851540081498,396.056338028169,spawn_6,
71,collision,-89.82360510510159,1,False,-90.0,0.12,0.055949773639440536,0.00044512125896289945,0.0,-69.4159472022634,390.56944444444446,spawn_6,
72,collision,-89.80921107943402,1,False,-90.0,0.12,0.07025665044784546,0.0005322701181285083,0.0,-69.69530698140272,385.2328767123288,spawn_2,
73,collision,-86.93914155108797,30,False,-90.0,3.6000000000000014,0.32223800383508205,0.038620445076958276,0.0,-69.92833177288496,380.43243243243245,spawn_3,
74,timeout,-5.780248935918154,1200,False,,22.79999999999997,93.44910574704409,9.208021492453554,0.0,-69.0730240017254,391.36,spawn_3,
75,timeout,-28.72776519402774,1200,False,,14.640000000000011,88.80976385623217,8.682470949740036,0.0,-68.54216533320306,402.0,spawn_4,
