episode,outcome,total_reward,steps,success,reward/heading/alignment,reward/speed/bonus,reward/forcing/pinch,reward/penalties/step,reward/forcing/turn,reward/forcing/clearance,reward/terminal/success,rolling_success_rate,rolling_avg_reward,rolling_avg_steps,spawn_point,spawn_stage
0,target_crash,200.4399496837746,919,True,0.18800768051005434,0.18511330169712892,0.9857429656696013,-0.9190000000000007,3.642433445919511e-05,4.931156337261199e-05,200.0,1.0,200.4399496837746,919.0,spawn_pinch_right,phase_sampler
1,self_crash,-18.796884438773073,605,False,0.12974684901564615,0.13310000984347425,1.5452185376575471,-0.6050000000000004,2.5560148024156293e-05,2.4604562222957596e-05,,0.5,90.82153262250077,762.0,spawn_pinch_left,phase_sampler
2,self_crash,-19.615589512002956,373,False,0.028168829637991166,0.0820600060687866,0.6471498025148321,-0.3730000000000003,1.471456360808629e-05,1.7135211825370786e-05,,0.3333333333333333,54.0091585776662,632.3333333333334,spawn_pinch_right,phase_sampler
3,self_crash,-99.35227654004034,411,False,0.09684011763147282,0.09042000668705441,0.8504243514944392,-0.4110000000000003,1.4872897119336476e-05,2.3731991350650798e-05,,0.25,15.668799798239561,577.0,spawn_pinch_right,phase_sampler
4,self_crash,-19.648594481516415,451,False,0.02625415829635358,0.09922000733786263,0.6768939143097867,-0.45100000000000035,1.812753768626503e-05,1.9311001896858215e-05,,0.2,8.605320942288367,551.8,spawn_pinch_left,phase_sampler
5,self_crash,-18.675054528692975,562,False,0.11509243818727555,0.12364000914385542,1.6481641098839646,-0.5620000000000004,2.3378262262946717e-05,2.5535829663276677e-05,,0.16666666666666666,4.05859169712481,553.5,spawn_pinch_right,phase_sampler
6,self_crash,-19.50412118340091,493,False,0.03162815553882581,0.10846000802121125,0.8487469688702731,-0.4930000000000004,2.035437199311707e-05,2.332979679107666e-05,,0.14285714285714285,0.6924898570497072,544.8571428571429,spawn_pinch_left,phase_sampler
7,self_crash,-99.27374746978143,491,False,0.11453197352238931,0.10802000798867084,0.9288634931563138,-0.4910000000000004,1.8254062791387207e-05,2.4838724434375757e-05,,0.125,-11.803289808804184,538.125,spawn_pinch_right,phase_sampler
8,timeout,-209.3757031719441,2500,False,1.1326115069823572,0.4604140031071031,-2.819021879389993,-2.4999999999998357,8.702978263798022e-05,0.00020616757392883292,,0.1111111111111111,-33.755780182486404,756.1111111111111,spawn_pinch_right,phase_sampler
9,self_crash,-18.879592916839787,590,False,0.08987723799819491,0.12980000959942117,1.4906846736316766,-0.5900000000000004,2.488896726989681e-05,2.0272963643074037e-05,,0.1,-32.26816145592174,739.5,spawn_pinch_left,phase_sampler
10,self_crash,-18.964786170547313,546,False,0.08944289154802476,0.12012000888353214,1.3716075863994774,-0.5460000000000004,2.2570048294104903e-05,2.0772573351860035e-05,,0.09090909090909091,-31.058763702705882,721.9090909090909,spawn_pinch_left,phase_sampler
11,target_crash,194.16103661132507,940,True,0.2576036914724682,0.2088084530256539,1.0295334916960428,-0.9400000000000007,3.74005905732621e-05,5.357454031705857e-05,200.0,0.16666666666666666,-12.290447009869967,740.0833333333334,spawn_pinch_right,phase_sampler
12,self_crash,-18.89423713545401,611,False,0.10616444185694718,0.1344200099410955,1.4761283402646086,-0.6110000000000004,2.599928191442287e-05,2.407320141792296e-05,,0.15384615384615385,-12.798430865684123,730.1538461538462,spawn_pinch_left,phase_sampler
13,self_crash,-18.826271059106748,607,False,0.09737412524449951,0.13354000987601466,1.5497657702126162,-0.6070000000000004,2.6062219060683095e-05,2.2973341047763827e-05,,0.14285714285714285,-13.228990879500028,721.3571428571429,spawn_pinch_left,phase_sampler
14,self_crash,-19.607975986331468,475,False,0.034792489344965816,0.10450000772834755,0.727689683474182,-0.47500000000000037,1.880873129206402e-05,2.3024389743804926e-05,,0.13333333333333333,-13.654256553288787,704.9333333333333,spawn_pinch_left,phase_sampler
15,self_crash,-19.252951428055425,425,False,0.08572733423167733,0.09350000691483729,0.992784500354901,-0.4250000000000003,1.597909323387131e-05,2.0751349925994876e-05,,0.125,-14.004174982961704,687.4375,spawn_pinch_right,phase_sampler
16,self_crash,-19.257675925793304,450,False,0.08944939289733611,0.09900000732159242,1.0038372572507797,-0.45000000000000034,1.7092319637432318e-05,2.032441735267639e-05,,0.11764705882352941,-14.313204450187092,673.4705882352941,spawn_pinch_right,phase_sampler
17,self_crash,-19.60939244090008,482,False,0.031874016132015015,0.10604000784223899,0.7346504517645371,-0.4820000000000004,1.927140150575178e-05,2.381195962429047e-05,,0.1111111111111111,-14.607437116337813,662.8333333333334,spawn_pinch_left,phase_sampler
18,self_crash,-19.618152273260684,488,False,0.032300263776914306,0.10736000793986022,0.7301433777456623,-0.4880000000000004,1.9487875398268304e-05,2.4589401483535773e-05,,0.10526315789473684,-14.871158966702177,653.6315789473684,spawn_pinch_left,phase_sampler
19,self_crash,-19.626993020864173,499,False,0.034803053305019205,0.10978000811883248,0.7273787844351318,-0.4990000000000004,1.9936183357684416e-05,2.519709348678589e-05,,0.1,-15.108950669410273,645.9,spawn_pinch_left,phase_sampler
20,self_crash,-19.647112182397244,484,False,0.03306942504212884,0.1064800078747794,0.6972959047752738,-0.4840000000000004,1.9323010765770563e-05,2.3156899809837348e-05,,0.09523809523809523,-15.325053598600132,638.1904761904761,spawn_pinch_left,phase_sampler
21,self_crash,-19.034147223281785,468,False,0.09493176049625163,0.10296000761445612,1.2359200197306563,-0.46800000000000036,1.837381812334459e-05,2.2615058720111855e-05,,0.09090909090909091,-15.493648763358387,630.4545454545455,spawn_pinch_right,phase_sampler
22,self_crash,-19.643062179232594,494,False,0.03585526586623189,0.10868000803748146,0.7063599456278098,-0.4940000000000004,1.975054956945832e-05,2.2850686311721802e-05,,0.08695652173913043,-15.674058042309442,624.5217391304348,spawn_pinch_left,phase_sampler
23,timeout,-192.29673649484306,2500,False,1.277334438644175,0.30314440297914075,-2.2174954034205143,-2.4999999999998357,8.958745263159228e-05,0.00019047950148582462,,0.08333333333333333,-23.033336311165005,702.6666666666666,spawn_pinch_right,phase_sampler
24,timeout,-121.62865522303655,2500,False,1.434757981216535,0.37325944647647746,-2.3419539408860146,-2.4999999999998357,8.883613591428342e-05,0.0001924540203809737,,0.08,-26.97714906763987,774.56,spawn_pinch_right,phase_sampler
25,self_crash,-19.84156882369635,619,False,0.07776993420702638,0.13618001007125713,0.5634154558447335,-0.6190000000000004,2.4412261851153847e-05,4.136391878128049e-05,,0.07692307692307693,-26.70270367364204,768.5769230769231,spawn_pinch_left,phase_sampler
26,timeout,-104.61947723196663,2500,False,1.5449667612847406,0.3504135131915973,-2.5651467359283515,-2.4999999999998357,8.749546076668342e-05,0.00020173402458429303,,0.07407407407407407,-29.588510101728136,832.7037037037037,spawn_pinch_right,phase_sampler
27,target_crash,194.9769986236319,911,True,0.20650810642837314,0.18744340041695295,0.8939550121095294,-0.9110000000000007,3.5860459006632804e-05,5.6244218051433564e-05,200.0,0.10714285714285714,-21.568313361536706,835.5,spawn_pinch_left,phase_sampler
28,timeout,-215.0555146940854,2500,False,1.578678937501536,0.22116174357672258,-2.9056792712813717,-2.4999999999998357,8.283784046456133e-05,0.00024105827718973156,,0.10344827586206896,-28.240285821279763,892.8965517241379,spawn_pinch_right,phase_sampler
29,target_crash,191.8808584424316,904,True,0.14576532123464858,0.19864658509016997,0.740355144129353,-0.9040000000000007,3.565512241879157e-05,5.5736854970455154e-05,200.0,0.13333333333333333,-20.90291434582272,893.2666666666667,spawn_pinch_left,phase_sampler
30,self_crash,-19.165917082559947,533,False,0.08881297475005567,0.11726000867201947,1.1609686082938424,-0.5330000000000004,2.1737079633862844e-05,1.9588644504547126e-05,,0.12903225806451613,-20.846882176040047,881.6451612903226,spawn_pinch_right,phase_sampler
31,self_crash,-18.473926586626995,747,False,0.09754765100660734,0.16434001215384342,2.011123097676318,-0.7470000000000006,3.557033975779347e-05,2.7082196474075323e-05,,0.125,-20.77272731387089,877.4375,spawn_pinch_left,phase_sampler
32,self_crash,-18.680011103579766,690,False,0.07976967690242986,0.1518000112264417,1.7783680824213661,-0.6900000000000005,3.0936822840426726e-05,2.0189047157764414e-05,,0.12121212121212122,-20.7093116711348,871.7575757575758,spawn_pinch_left,phase_sampler
33,self_crash,-19.87238803091693,565,False,0.06572978283838893,0.12430000919266604,0.5025259644762627,-0.5650000000000004,2.183978827707822e-05,3.4372787475585935e-05,,0.11764705882352941,-20.684696269951917,862.7352941176471,spawn_pinch_right,phase_sampler
34,self_crash,-19.144078230335474,577,False,0.10614662360831062,0.1269400093879085,1.1997898083300242,-0.5770000000000004,2.343163503832485e-05,2.189670324325564e-05,,0.11428571428571428,-20.640678611677163,854.5714285714286,spawn_pinch_left,phase_sampler
35,self_crash,-19.846506570493037,568,False,0.06437727167258345,0.12496000924147666,0.5321004904208166,-0.5680000000000004,2.201662988982403e-05,3.364154219627381e-05,,0.1111111111111111,-20.618618277199825,846.6111111111111,spawn_pinch_right,phase_sampler
36,self_crash,-19.031928887840436,617,False,0.0930737197025735,0.13574001003871672,1.3562119286657435,-0.6170000000000004,2.587604606999784e-05,1.9577706456184366e-05,,0.10810810810810811,-20.57573478019011,840.4054054054054,spawn_pinch_left,phase_sampler
