s_m,x_m,y_m,heading_rad,curvature_inv_m,width_m,left_width_m,right_width_m
0.000000000,1.035759962,0.863133302,-0.694811245,0.535336342,1.000000000,0.500000000,0.500000000
0.050000684,1.074594217,0.831637761,-0.669921157,0.460234847,1.000000000,0.500000000,0.500000000
0.100000632,1.114142331,0.801044601,-0.647210017,0.448187545,1.000000000,0.500000000,0.500000000
0.150000340,1.154365850,0.771345454,-0.625098079,0.436273473,1.000000000,0.500000000,0.500000000
0.200000222,1.195227748,0.742530641,-0.603577499,0.424532344,1.000000000,0.500000000,0.500000000
0.250000611,1.236692469,0.714589349,-0.582496802,0.418672469,1.000000000,0.500000000,0.500000000
0.300001618,1.278733513,0.687521815,-0.561007606,0.440866042,1.000000000,0.500000000,0.500000000
0.350002695,1.321361036,0.661387508,-0.540300530,0.387388557,1.000000000,0.500000000,0.500000000
0.400003288,1.364486336,0.636083996,-0.521195673,0.376782926,1.000000000,0.500000000,0.500000000
0.450003661,1.408080471,0.611597496,-0.502613733,0.366476782,1.000000000,0.500000000,0.500000000
0.500004031,1.452115957,0.587913893,-0.484539375,0.356481124,1.000000000,0.500000000,0.500000000
0.550004569,1.496566721,0.565018842,-0.466956811,0.346803934,1.000000000,0.500000000,0.500000000
0.600005408,1.541408067,0.542897867,-0.449849938,0.337450532,1.000000000,0.500000000,0.500000000
0.650006645,1.586616622,0.521536446,-0.432913935,0.339965763,1.000000000,0.500000000,0.500000000
0.700008128,1.632181973,0.500946472,-0.416049840,0.334572104,1.000000000,0.500000000,0.500000000
0.750009552,1.678085334,0.481121642,-0.399955645,0.309171570,1.000000000,0.500000000,0.500000000
0.800010719,1.724289434,0.462008877,-0.384694222,0.301264514,1.000000000,0.500000000,0.500000000
0.850011732,1.770776048,0.443594316,-0.369820308,0.293674019,1.000000000,0.500000000,0.500000000
0.900012673,1.817527975,0.425864355,-0.355318165,0.286395304,1.000000000,0.500000000,0.500000000
0.950013609,1.864528990,0.408805687,-0.341172322,0.279422831,1.000000000,0.500000000,0.500000000
1.000014590,1.911763788,0.392405323,-0.327367604,0.272750463,1.000000000,0.500000000,0.500000000
1.050015653,1.959217931,0.376650622,-0.313889160,0.266371606,1.000000000,0.500000000,0.500000000
1.100016827,2.006877801,0.361529307,-0.300722480,0.260279332,1.000000000,0.500000000,0.500000000
1.150018132,2.054730550,0.347029481,-0.287853408,0.254466488,1.000000000,0.500000000,0.500000000
1.200019581,2.102764051,0.333139639,-0.275268153,0.248925788,1.000000000,0.500000000,0.500000000
1.250021182,2.150966856,0.319848678,-0.262953289,0.243649900,1.000000000,0.500000000,0.500000000
1.300022938,2.199328154,0.307145903,-0.250800978,0.242422739,1.000000000,0.500000000,0.500000000
1.350024793,2.247839970,0.295030242,-0.238736465,0.240137541,1.000000000,0.500000000,0.500000000
1.400026625,2.296493739,0.283497946,-0.227020258,0.228491252,1.000000000,0.500000000,0.500000000
1.450028356,2.345275990,0.272522283,-0.215700500,0.224280847,1.000000000,0.500000000,0.500000000
1.500030009,2.394178180,0.262094383,-0.204585649,0.220296119,1.000000000,0.500000000,0.500000000
1.550031601,2.443192207,0.252205785,-0.193664572,0.216530822,1.000000000,0.500000000,0.500000000
1.600033147,2.492310377,0.242848437,-0.182926442,0.212978984,1.000000000,0.500000000,0.500000000
1.650034658,2.541525375,0.234014691,-0.172360725,0.209634928,1.000000000,0.500000000,0.500000000
1.700036144,2.590830239,0.225697301,-0.161957162,0.206493289,1.000000000,0.500000000,0.500000000
1.750037614,2.640218335,0.217889423,-0.151705757,0.203549026,1.000000000,0.500000000,0.500000000
1.800039073,2.689683328,0.210584603,-0.141596757,0.200797441,1.000000000,0.500000000,0.500000000
1.850040527,2.739219163,0.203776782,-0.131620635,0.198234180,1.000000000,0.500000000,0.500000000
1.900041980,2.788820043,0.197460289,-0.121768072,0.195855248,1.000000000,0.500000000,0.500000000
1.950043437,2.838480404,0.191629837,-0.112029943,0.193657017,1.000000000,0.500000000,0.500000000
2.000044899,2.888194899,0.186280519,-0.102397293,0.191636232,1.000000000,0.500000000,0.500000000
2.050046369,2.937958377,0.181407810,-0.092861320,0.189790016,1.000000000,0.500000000,0.500000000
2.100047851,2.987765866,0.177007558,-0.083413357,0.188115881,1.000000000,0.500000000,0.500000000
2.150049345,3.037612552,0.173075988,-0.074044853,0.186611734,1.000000000,0.500000000,0.500000000
2.200050853,3.087493768,0.169609695,-0.064747348,0.185275882,1.000000000,0.500000000,0.500000000
2.250052379,3.137404972,0.166605649,-0.055512460,0.184107045,1.000000000,0.500000000,0.500000000
2.300053923,3.187341733,0.164061189,-0.046331859,0.183104361,1.000000000,0.500000000,0.500000000
2.350055489,3.237299719,0.161974025,-0.037197247,0.182267398,1.000000000,0.500000000,0.500000000
2.400057080,3.287274676,0.160342243,-0.028100337,0.181596168,1.000000000,0.500000000,0.500000000
2.450058698,3.337262417,0.159164300,-0.019032829,0.181091134,1.000000000,0.500000000,0.500000000
2.500060347,3.387258807,0.158439032,-0.009986391,0.180753232,1.000000000,0.500000000,0.500000000
2.550062033,3.437259745,0.158165654,-0.000952627,0.180583883,1.000000000,0.500000000,0.500000000
2.600063760,3.487261155,0.158343767,0.008076939,0.180585011,1.000000000,0.500000000,0.500000000
2.650065535,3.537258966,0.158973360,0.017110893,0.180759068,1.000000000,0.500000000,0.500000000
2.700067366,3.587249100,0.160054817,0.026157959,0.181109055,1.000000000,0.500000000,0.500000000
2.750069262,3.637227457,0.161588928,0.035343911,0.186313937,1.000000000,0.500000000,0.500000000
2.800071183,3.687189378,0.163588569,0.044661826,0.186387283,1.000000000,0.500000000,0.500000000
2.850073058,3.737130447,0.166053747,0.053918621,0.183869416,1.000000000,0.500000000,0.500000000
2.900074851,3.787046660,0.168977960,0.063141457,0.185029488,1.000000000,0.500000000,0.500000000
2.950076568,3.836933606,0.172363852,0.072427393,0.186393824,1.000000000,0.500000000,0.500000000
3.000078216,3.886786762,0.176214533,0.081786829,0.187969883,1.000000000,0.500000000,0.500000000
3.050079805,3.936601464,0.180533594,0.091230562,0.189765970,1.000000000,0.500000000,0.500000000
3.100081347,3.986372896,0.185325122,0.100769825,0.191791297,1.000000000,0.500000000,0.500000000
3.150082858,4.036096059,0.190593722,0.110416340,0.194056050,1.000000000,0.500000000,0.500000000
3.200084357,4.085765749,0.196344536,0.120182361,0.196571453,1.000000000,0.500000000,0.500000000
3.250085872,4.135376531,0.202583264,0.130080737,0.199349855,1.000000000,0.500000000,0.500000000
3.300087433,4.184922709,0.209316193,0.140124964,0.202404808,1.000000000,0.500000000,0.500000000
3.350089080,4.234398295,0.216550219,0.150329249,0.205751165,1.000000000,0.500000000,0.500000000
3.400090863,4.283796975,0.224292876,0.161162817,0.227574550,1.000000000,0.500000000,0.500000000
3.450092637,4.333104345,0.232597136,0.172295709,0.217723710,1.000000000,0.500000000,0.500000000
3.500094254,4.382318234,0.241437656,0.183228981,0.219590792,1.000000000,0.500000000,0.500000000
3.550095723,4.431431945,0.250817969,0.194330536,0.224455835,1.000000000,0.500000000,0.500000000
3.600097106,4.480437204,0.260748874,0.205685460,0.229725735,1.000000000,0.500000000,0.500000000
3.650098483,4.529325154,0.271242017,0.217314682,0.235427227,1.000000000,0.500000000,0.500000000
3.700099958,4.578086292,0.282309940,0.229393786,0.247719576,1.000000000,0.500000000,0.500000000
3.750101560,4.626706725,0.293981004,0.242528965,0.277667883,1.000000000,0.500000000,0.500000000
3.800103105,4.675160381,0.306325951,0.255936135,0.258599347,1.000000000,0.500000000,0.500000000
3.850104391,4.723450115,0.319296308,0.269067876,0.266652160,1.000000000,0.500000000,0.500000000
3.900105582,4.771562537,0.332909316,0.282618122,0.275339452,1.000000000,0.500000000,0.500000000
3.950106896,4.819483107,0.347183432,0.297304188,0.312083366,1.000000000,0.500000000,0.500000000
4.000108166,4.867175066,0.362203554,0.313127272,0.320817819,1.000000000,0.500000000,0.500000000
4.050109309,4.914619834,0.377986719,0.328917380,0.310765794,1.000000000,0.500000000,0.500000000
4.100110276,4.961813467,0.394505124,0.344762282,0.323008740,1.000000000,0.500000000,0.500000000
4.150111486,5.008734395,0.411783648,0.362946935,0.404351946,1.000000000,0.500000000,0.500000000
4.200112571,5.055296299,0.430007197,0.382001896,0.357820102,1.000000000,0.500000000,0.500000000
4.250113264,5.101524355,0.449060701,0.400499383,0.382055423,1.000000000,0.500000000,0.500000000
4.300113998,5.147380053,0.468993801,0.421841995,0.471620828,1.000000000,0.500000000,0.500000000
4.350114655,5.192752913,0.490002591,0.443984394,0.414046242,1.000000000,0.500000000,0.500000000
4.400115092,5.237680939,0.511946065,0.466689767,0.494143567,1.000000000,0.500000000,0.500000000
4.450115064,5.282052719,0.534992592,0.490890865,0.473870125,1.000000000,0.500000000,0.500000000
4.500115302,5.325866261,0.559084030,0.515645893,0.516310546,1.000000000,0.500000000,0.500000000
4.550114844,5.369042722,0.584298062,0.541492570,0.517524274,1.000000000,0.500000000,0.500000000
4.600114943,5.411552815,0.610621092,0.568568783,0.565504026,1.000000000,0.500000000,0.500000000
4.650114208,5.453301009,0.638134994,0.596081200,0.534956236,1.000000000,0.500000000,0.500000000
4.700114259,5.494299047,0.666756069,0.625515962,0.642400839,1.000000000,0.500000000,0.500000000
4.750114078,5.534356561,0.696678929,0.656211000,0.585368918,1.000000000,0.500000000,0.500000000
4.800112593,5.573520209,0.727760438,0.686486948,0.625627924,1.000000000,0.500000000,0.500000000
4.850112335,5.611693496,0.760052455,0.719637933,0.700378317,1.000000000,0.500000000,0.500000000
4.900111652,5.648712414,0.793660956,0.753898669,0.670017099,1.000000000,0.500000000,0.500000000
4.950109451,5.684583749,0.828489497,0.788149176,0.699975426,1.000000000,0.500000000,0.500000000
5.000107298,5.719214433,0.864551949,0.823880088,0.729232195,1.000000000,0.500000000,0.500000000
5.050106169,5.752508146,0.901853634,0.861540573,0.777140039,1.000000000,0.500000000,0.500000000
5.100105479,5.784327874,0.940420925,0.900708042,0.789501774,1.000000000,0.500000000,0.500000000
5.150103856,5.814600130,0.980213238,0.940522876,0.803038673,1.000000000,0.500000000,0.500000000
5.200101276,5.843250089,1.021187887,0.981285148,0.827417455,1.000000000,0.500000000,0.500000000
5.250098126,5.870180529,1.063311947,1.023222391,0.850051301,1.000000000,0.500000000,0.500000000
5.300094636,5.895296619,1.106541949,1.066243371,0.870772748,1.000000000,0.500000000,0.500000000
5.350090959,5.918507226,1.150824000,1.110249248,0.889447189,1.000000000,0.500000000,0.500000000
5.400087241,5.939726171,1.196094129,1.155135379,0.905977390,1.000000000,0.500000000,0.500000000
5.450083670,5.958873395,1.242278831,1.200793315,0.920306651,1.000000000,0.500000000,0.500000000
5.500080524,5.975875995,1.289295817,1.247145503,0.933725566,1.000000000,0.500000000,0.500000000
5.550078116,5.990665959,1.337055802,1.294748828,0.970337704,1.000000000,0.500000000,0.500000000
5.600075461,6.003122089,1.385476659,1.342853300,0.953775808,1.000000000,0.500000000,0.500000000
5.650071612,6.013255489,1.434435103,1.390676974,0.959126716,1.000000000,0.500000000,0.500000000
5.700067064,6.021030135,1.483822350,1.438721454,0.962629686,1.000000000,0.500000000,0.500000000
5.750062484,6.026419597,1.533526432,1.486899176,0.964453738,1.000000000,0.500000000,0.500000000
5.800058681,6.029406873,1.583433304,1.535714540,0.988122509,1.000000000,0.500000000,0.500000000
5.850055276,6.029925733,1.633427206,1.585060778,0.985678549,1.000000000,0.500000000,0.500000000
5.900051389,6.027981013,1.683385482,1.633773952,0.962809471,1.000000000,0.500000000,0.500000000
5.950046888,6.023634483,1.733191683,1.681837075,0.959682420,1.000000000,0.500000000,0.500000000
6.000042866,6.016903877,1.782732543,1.730169852,0.973593496,1.000000000,0.500000000,0.500000000
6.050039443,6.007770395,1.831887779,1.779065517,0.982187633,1.000000000,0.500000000,0.500000000
6.100035827,5.996234885,1.880535187,1.827298760,0.947102526,1.000000000,0.500000000,0.500000000
6.150031582,5.982409603,1.928581386,1.874536474,0.942368612,1.000000000,0.500000000,0.500000000
6.200027881,5.966336438,1.975923579,1.922105790,0.960367014,1.000000000,0.500000000,0.500000000
6.250024630,5.948009155,2.022440087,1.970052833,0.957469606,1.000000000,0.500000000,0.500000000
6.300021104,5.927476865,2.068025968,2.017188177,0.927906226,1.000000000,0.500000000,0.500000000
6.350017091,5.904852648,2.112610085,2.063478595,0.923673896,1.000000000,0.500000000,0.500000000
6.400013667,5.880193908,2.156102661,2.110104698,0.941331387,1.000000000,0.500000000,0.500000000
6.450010691,5.853515889,2.198387241,2.157084323,0.937806887,1.000000000,0.500000000,0.500000000
6.500007405,5.824885303,2.239374568,2.203314976,0.911380448,1.000000000,0.500000000,0.500000000
6.550003556,5.794417648,2.279014663,2.248801852,0.908061747,1.000000000,0.500000000,0.500000000
6.600000026,5.762182000,2.317231283,2.294138735,0.905372480,1.000000000,0.500000000,0.500000000
6.649997579,5.728249176,2.353950742,2.340228416,0.938160066,1.000000000,0.500000000,0.500000000
6.699995194,5.692631756,2.389038645,2.386092868,0.896363130,1.000000000,0.500000000,0.500000000
6.749991834,5.655478738,2.422494845,2.430466645,0.878543067,1.000000000,0.500000000,0.500000000
6.799988532,5.616892333,2.454287283,2.473182248,0.830052615,1.000000000,0.500000000,0.500000000
6.849985958,5.577019467,2.484451785,2.513326711,0.775697537,1.000000000,0.500000000,0.500000000
6.899984347,5.536006141,2.513048043,2.550764663,0.721781503,1.000000000,0.500000000,0.500000000
6.949983736,5.493986860,2.540146362,2.585724786,0.676575095,1.000000000,0.500000000,0.500000000
6.999983746,5.451074523,2.565808247,2.618148200,0.620310262,1.000000000,0.500000000,0.500000000
7.049983934,5.407386848,2.590127085,2.647805293,0.565926488,1.000000000,0.500000000,0.500000000
7.099984208,5.363028519,2.613200144,2.674965306,0.520433728,1.000000000,0.500000000,0.500000000
7.149984650,5.318084704,2.635111276,2.699915694,0.477546759,1.000000000,0.500000000,0.500000000
7.199985296,5.272630368,2.655943172,2.722786926,0.437270742,1.000000000,0.500000000,0.500000000
7.249986153,5.226731264,2.675776425,2.743707985,0.399542113,1.000000000,0.500000000,0.500000000
7.299987216,5.180444929,2.694688896,2.762803435,0.364248196,1.000000000,0.500000000,0.500000000
7.349988476,5.133821652,2.712755330,2.780191365,0.331242879,1.000000000,0.500000000,0.500000000
7.399989920,5.086905380,2.730047174,2.795982022,0.300358742,1.000000000,0.500000000,0.500000000
7.449991535,5.039734551,2.746632537,2.810339672,0.273924154,1.000000000,0.500000000,0.500000000
7.499993263,4.992340879,2.762570313,2.823360958,0.246906071,1.000000000,0.500000000,0.500000000
7.549995009,4.944754042,2.777921782,2.834983008,0.217957169,1.000000000,0.500000000,0.500000000
7.599996752,4.897002733,2.792753732,2.845269984,0.193505609,1.000000000,0.500000000,0.500000000
7.649998515,4.849110133,2.807122976,2.854365301,0.170292931,1.000000000,0.500000000,0.500000000
7.700000318,4.801096879,2.821083911,2.862326432,0.148139948,1.000000000,0.500000000,0.500000000
7.750002170,4.752981483,2.834688832,2.869202004,0.126872230,1.000000000,0.500000000,0.500000000
7.800004072,4.704780699,2.847988257,2.875032032,0.106319706,1.000000000,0.500000000,0.500000000
7.850006019,4.656509852,2.861031262,2.879848112,0.086315836,1.000000000,0.500000000,0.500000000
7.900007999,4.608183129,2.873865820,2.883704691,0.067941140,1.000000000,0.500000000,0.500000000
7.950009994,4.559813069,2.886536132,2.886563238,0.046396132,1.000000000,0.500000000,0.500000000
8.000011996,4.511413739,2.899094198,2.888382755,0.026381647,1.000000000,0.500000000,0.500000000
8.050014003,4.462997880,2.911588410,2.889216731,0.006976047,1.000000000,0.500000000,0.500000000
8.100016012,4.414577664,2.924065733,2.889074056,-0.012682831,1.000000000,0.500000000,0.500000000
8.150018017,4.366165374,2.936573759,2.887937675,-0.032770565,1.000000000,0.500000000,0.500000000
8.200020011,4.317773656,2.949161093,2.885781552,-0.053470910,1.000000000,0.500000000,0.500000000
8.250021991,4.269415778,2.961877762,2.882570197,-0.074978150,1.000000000,0.500000000,0.500000000
8.300023957,4.221105929,2.974775633,2.878258081,-0.097499574,1.000000000,0.500000000,0.500000000
8.350025914,4.172859542,2.987908867,2.872733104,-0.123490587,1.000000000,0.500000000,0.500000000
8.400027848,4.124695191,3.001339753,2.865968828,-0.147069575,1.000000000,0.500000000,0.500000000
8.450029731,4.076630959,3.015124449,2.857959440,-0.173293072,1.000000000,0.500000000,0.500000000
8.500031545,4.028688039,3.029325079,2.848580423,-0.201852687,1.000000000,0.500000000,0.500000000
8.550033277,3.980890965,3.044008843,2.837716925,-0.232670124,1.000000000,0.500000000,0.500000000
8.600034918,3.933268039,3.059247642,2.825247928,-0.266070190,1.000000000,0.500000000,0.500000000
8.650036460,3.885852152,3.075118620,2.811035551,-0.302402537,1.000000000,0.500000000,0.500000000
8.700037912,3.838681743,3.091704688,2.794920945,-0.342155804,1.000000000,0.500000000,0.500000000
8.750039305,3.791802041,3.109095284,2.776467981,-0.395932960,1.000000000,0.500000000,0.500000000
8.800040468,3.745276006,3.127410427,2.755618980,-0.437994851,1.000000000,0.500000000,0.500000000
8.850041151,3.699162653,3.146739858,2.732391136,-0.491086358,1.000000000,0.500000000,0.500000000
8.900041280,3.653538295,3.167195440,2.706384029,-0.549165776,1.000000000,0.500000000,0.500000000
8.950040904,3.608493213,3.188895738,2.677340679,-0.612532804,1.000000000,0.500000000,0.500000000
9.000040317,3.564133966,3.211965167,2.644263029,-0.710534112,1.000000000,0.500000000,0.500000000
9.050039077,3.520622717,3.236595376,2.606989838,-0.780351759,1.000000000,0.500000000,0.500000000
9.100036722,3.478106327,3.262903571,2.566290095,-0.847593889,1.000000000,0.500000000,0.500000000
9.150033800,3.436743208,3.290989157,2.521324277,-0.950987022,1.000000000,0.500000000,0.500000000
9.200030577,3.396762074,3.321008930,2.474856533,-0.907668275,1.000000000,0.500000000,0.500000000
9.250027413,3.358184027,3.352811725,2.429145192,-0.920744260,1.000000000,0.500000000,0.500000000
9.300024175,3.321110540,3.386356215,2.384067655,-0.882307605,1.000000000,0.500000000,0.500000000
9.350021627,3.285552017,3.421503571,2.340381923,-0.865083701,1.000000000,0.500000000,0.500000000
9.400019089,3.251546584,3.458155676,2.298584995,-0.806742393,1.000000000,0.500000000,0.500000000
9.450017416,3.219046330,3.496149966,2.258730212,-0.787407158,1.000000000,0.500000000,0.500000000
9.500015965,3.188066636,3.535394246,2.221536938,-0.700273101,1.000000000,0.500000000,0.500000000
9.550015282,3.158479323,3.575699613,2.186749466,-0.691178849,1.000000000,0.500000000,0.500000000
9.600015068,3.130302104,3.617003643,2.154696992,-0.590874912,1.000000000,0.500000000,0.500000000
9.650014964,3.103357261,3.659122108,2.125920865,-0.560127764,1.000000000,0.500000000,0.500000000
9.700015423,3.077602170,3.701979094,2.099774323,-0.485698841,1.000000000,0.500000000,0.500000000
9.750016039,3.052895311,3.745448999,2.076855371,-0.431025300,1.000000000,0.500000000,0.500000000
9.800017109,3.029130766,3.789441651,2.056695150,-0.375354948,1.000000000,0.500000000,0.500000000
9.850018366,3.006195947,3.833872718,2.039610743,-0.307995257,1.000000000,0.500000000,0.500000000
9.900019906,2.983947948,3.878651961,2.025348212,-0.262484353,1.000000000,0.500000000,0.500000000
9.950021613,2.962289492,3.923719487,2.013974032,-0.192465057,1.000000000,0.500000000,0.500000000
10.000023449,2.941065691,3.968993474,2.005509769,-0.146092156,1.000000000,0.500000000,0.500000000
10.050025390,2.920173131,4.014421385,1.999803229,-0.082160415,1.000000000,0.500000000,0.500000000
10.100027378,2.899467354,4.059934785,1.997033238,-0.028634846,1.000000000,0.500000000,0.500000000
10.150029387,2.878826755,4.105477804,1.997060594,0.029729068,1.000000000,0.500000000,0.500000000
10.200031373,2.858118488,4.150990070,1.999966238,0.086492073,1.000000000,0.500000000,0.500000000
10.250033306,2.837213608,4.196412302,2.005858507,0.149189437,1.000000000,0.500000000,0.500000000
10.300035114,2.815970526,4.241677215,2.014628413,0.201593006,1.000000000,0.500000000,0.500000000
10.350036811,2.794272307,4.286725600,2.026632980,0.278570955,1.000000000,0.500000000,0.500000000
10.400038307,2.771948818,4.331467208,2.041818071,0.328809834,1.000000000,0.500000000,0.500000000
10.450039436,2.748892948,4.375835437,2.060039025,0.400000490,1.000000000,0.500000000,0.500000000
10.500040391,2.724954433,4.419733534,2.081967146,0.477093279,1.000000000,0.500000000,0.500000000
10.550040813,2.699975881,4.463047668,2.107166120,0.530830371,1.000000000,0.500000000,0.500000000
10.600040749,2.673856855,4.505683217,2.135882559,0.617786425,1.000000000,0.500000000,0.500000000
10.650040438,2.646433604,4.547491521,2.168565730,0.689500286,1.000000000,0.500000000,0.500000000
10.700039146,2.617586111,4.588328917,2.204428353,0.744959995,1.000000000,0.500000000,0.500000000
10.750037247,2.587238197,4.628063213,2.243843813,0.831608354,1.000000000,0.500000000,0.500000000
10.800035223,2.555264850,4.666501509,2.287070513,0.897415416,1.000000000,0.500000000,0.500000000
10.850031915,2.521600321,4.703465933,2.332817102,0.932398155,1.000000000,0.500000000,0.500000000
10.900027977,2.486250130,4.738820852,2.381237845,1.004378494,1.000000000,0.500000000,0.500000000
10.950024234,2.449169574,4.772356773,2.432279334,1.037242492,1.000000000,0.500000000,0.500000000
11.000019214,2.410401359,4.803924535,2.483535674,1.012940186,1.000000000,0.500000000,0.500000000
11.050015464,2.370083674,4.833489875,2.534755427,1.035795310,1.000000000,0.500000000,0.500000000
11.100012197,2.328289087,4.860928638,2.583752552,0.924029768,1.000000000,0.500000000,0.500000000
11.150008931,2.285271809,4.886407791,2.630516453,0.946467302,1.000000000,0.500000000,0.500000000
11.200006228,2.241096846,4.909823649,2.675586090,0.856266535,1.000000000,0.500000000,0.500000000
11.250003876,2.195959818,4.931327451,2.719291348,0.891887499,1.000000000,0.500000000,0.500000000
11.300001817,2.149908730,4.950797719,2.761808752,0.808756386,1.000000000,0.500000000,0.500000000
11.349999667,2.103108233,4.968390291,2.802697606,0.826750804,1.000000000,0.500000000,0.500000000
11.399997629,2.055620566,4.984033745,2.843275898,0.796336467,1.000000000,0.500000000,0.500000000
11.449995650,2.007547758,4.997774458,2.882313342,0.765118096,1.000000000,0.500000000,0.500000000
11.499994106,1.958984153,5.009666553,2.921316314,0.794955086,1.000000000,0.500000000,0.500000000
11.549992658,1.909986238,5.019619419,2.960068220,0.755075609,1.000000000,0.500000000,0.500000000
11.599990866,1.860647901,5.027715669,2.997522254,0.743042969,1.000000000,0.500000000,0.500000000
11.649989321,1.811042635,5.033973715,3.035102969,0.760143814,1.000000000,0.500000000,0.500000000
11.699988004,1.761235169,5.038342299,3.073023868,0.756647656,1.000000000,0.500000000,0.500000000
11.749986491,1.711298300,5.040823802,3.110372255,0.737247792,1.000000000,0.500000000,0.500000000
11.799984666,1.661304214,5.041463197,-3.135919352,0.738460990,1.000000000,0.500000000,0.500000000
11.849983166,1.611320275,5.040256590,-3.098634096,0.752907067,1.000000000,0.500000000,0.500000000
11.899982019,1.561416814,5.037169537,-3.060736413,0.762952716,1.000000000,0.500000000,0.500000000
11.949980667,1.511667606,5.032181445,-3.023005078,0.746257419,1.000000000,0.500000000,0.500000000
11.999978740,1.462139678,5.025341002,-2.985587128,0.750424462,1.000000000,0.500000000,0.500000000
12.049976672,1.412903356,5.016647450,-2.947954563,0.754845820,1.000000000,0.500000000,0.500000000
12.099974845,1.364029908,5.006102152,-2.910099181,0.759329432,1.000000000,0.500000000,0.500000000
12.149973583,1.315591417,4.993709152,-2.871699735,0.776597491,1.000000000,0.500000000,0.500000000
12.199972570,1.267670320,4.979444960,-2.832909072,0.774972630,1.000000000,0.500000000,0.500000000
12.249971196,1.220338140,4.963335109,-2.794307359,0.769045149,1.000000000,0.500000000,0.500000000
12.299969283,1.173660779,4.945417727,-2.755793068,0.771487212,1.000000000,0.500000000,0.500000000
12.349967026,1.127709451,4.925713670,-2.717181943,0.772929285,1.000000000,0.500000000,0.500000000
12.399964575,1.082553926,4.904248968,-2.678528711,0.773177951,1.000000000,0.500000000,0.500000000
12.449962031,1.038261827,4.881055098,-2.639897478,0.772053002,1.000000000,0.500000000,0.500000000
12.499959454,0.994897887,4.856169138,-2.601360935,0.769392336,1.000000000,0.500000000,0.500000000
12.549956873,0.952523162,4.829633793,-2.562999329,0.765056819,1.000000000,0.500000000,0.500000000
12.599954302,0.911194242,4.801497280,-2.524899182,0.758934830,1.000000000,0.500000000,0.500000000
12.649951766,0.870962489,4.771813067,-2.487151805,0.750946221,1.000000000,0.500000000,0.500000000
12.699949330,0.831873325,4.740639462,-2.449851615,0.741045399,1.000000000,0.500000000,0.500000000
12.749947140,0.793965606,4.708039066,-2.413094338,0.729223320,1.000000000,0.500000000,0.500000000
12.799945474,0.757271104,4.674078106,-2.376975128,0.715508209,1.000000000,0.500000000,0.500000000
12.849944793,0.721814127,4.638825662,-2.340944447,0.725668893,1.000000000,0.500000000,0.500000000
12.899944519,0.687659070,4.602309849,-2.305335380,0.698644439,1.000000000,0.500000000,0.500000000
12.949943367,0.654800793,4.564624063,-2.271105953,0.670494088,1.000000000,0.500000000,0.500000000
12.999941536,0.623224598,4.525858603,-2.238085971,0.650279015,1.000000000,0.500000000,0.500000000
13.049940119,0.592925053,4.486086806,-2.205708858,0.644774374,1.000000000,0.500000000,0.500000000
13.099939992,0.563922510,4.445357949,-2.173155049,0.657346128,1.000000000,0.500000000,0.500000000
13.149939432,0.536274330,4.403698351,-2.141988713,0.589272546,1.000000000,0.500000000,0.500000000
13.199938203,0.509865790,4.361242890,-2.112652003,0.584160006,1.000000000,0.500000000,0.500000000
13.249938237,0.484707772,4.318033197,-2.082935685,0.604466961,1.000000000,0.500000000,0.500000000
13.299937931,0.460867195,4.274083268,-2.055118027,0.508203712,1.000000000,0.500000000,0.500000000
13.349937789,0.438150921,4.229541639,-2.028734050,0.547123019,1.000000000,0.500000000,0.500000000
13.399938223,0.416661277,4.184394784,-2.003420599,0.465389140,1.000000000,0.500000000,0.500000000
13.449938208,0.396228110,4.138760540,-1.979760381,0.480987665,1.000000000,0.500000000,0.500000000
13.499938811,0.376898015,4.092647551,-1.956977885,0.430289787,1.000000000,0.500000000,0.500000000
13.549939117,0.358564553,4.046129655,-1.935171639,0.441930768,1.000000000,0.500000000,0.500000000
13.599939887,0.341263238,3.999217593,-1.914463374,0.386376803,1.000000000,0.500000000,0.500000000
13.649940574,0.324871437,3.951980134,-1.894186547,0.424668207,1.000000000,0.500000000,0.500000000
13.699941530,0.309486220,3.904405027,-1.874890083,0.347165084,1.000000000,0.500000000,0.500000000
13.749942556,0.294929108,3.856569966,-1.856161641,0.401947023,1.000000000,0.500000000,0.500000000
13.799943529,0.281336278,3.808452067,-1.837599744,0.340502908,1.000000000,0.500000000,0.500000000
13.849944528,0.268564613,3.760109699,-1.820567017,0.340784468,1.000000000,0.500000000,0.500000000
13.899945532,0.256618503,3.711556729,-1.802948482,0.363932516,1.000000000,0.500000000,0.500000000
13.949946693,0.245557819,3.662794271,-1.786125827,0.308951357,1.000000000,0.500000000,0.500000000
13.999947816,0.235251719,3.613866809,-1.770110135,0.331654983,1.000000000,0.500000000,0.500000000
14.049948913,0.225758383,3.564775198,-1.753524794,0.331735711,1.000000000,0.500000000,0.500000000
14.099950107,0.217080599,3.515532782,-1.737866490,0.294575728,1.000000000,0.500000000,0.500000000
14.149951289,0.209129037,3.466167907,-1.722712846,0.311549636,1.000000000,0.500000000,0.500000000
14.199952502,0.201947410,3.416685127,-1.706863520,0.322401132,1.000000000,0.500000000,0.500000000
14.249953779,0.195564368,3.367092945,-1.691683103,0.284795096,1.000000000,0.500000000,0.500000000
14.299954963,0.189888163,3.317414992,-1.677492900,0.282792904,1.000000000,0.500000000,0.500000000
14.349956396,0.184914931,3.267661496,-1.662138943,0.331342937,1.000000000,0.500000000,0.500000000
14.399957840,0.180766649,3.217832427,-1.646877804,0.279080360,1.000000000,0.500000000,0.500000000
14.449959043,0.177314104,3.167950564,-1.632951698,0.277944311,1.000000000,0.500000000,0.500000000
14.499960307,0.174555110,3.118025476,-1.618672820,0.293191402,1.000000000,0.500000000,0.500000000
14.549961649,0.172528288,3.068065230,-1.603637462,0.308201482,1.000000000,0.500000000,0.500000000
14.599963002,0.171271595,3.018079672,-1.589023173,0.276350008,1.000000000,0.500000000,0.500000000
14.649964187,0.170705701,2.968081690,-1.575199801,0.276565849,1.000000000,0.500000000,0.500000000
14.699965475,0.170831249,2.918080559,-1.560911558,0.294944450,1.000000000,0.500000000,0.500000000
14.749966830,0.171694161,2.868086651,-1.545901615,0.305431889,1.000000000,0.500000000,0.500000000
14.799968166,0.173320457,2.818111770,-1.531297634,0.278707397,1.000000000,0.500000000,0.500000000
14.849969323,0.175643006,2.768164583,-1.517330163,0.279972549,1.000000000,0.500000000,0.500000000
14.899970553,0.178664523,2.718254730,-1.503065497,0.290594702,1.000000000,0.500000000,0.500000000
14.949971942,0.182410910,2.668393889,-1.487820205,0.319195100,1.000000000,0.500000000,0.500000000
14.999973321,0.186952583,2.618599199,-1.472702691,0.285484339,1.000000000,0.500000000,0.500000000
15.049974446,0.192204546,2.568874664,-1.458372197,0.287716231,1.000000000,0.500000000,0.500000000
15.099975564,0.198171290,2.519230835,-1.443924901,0.290156153,1.000000000,0.500000000,0.500000000
15.149976935,0.204857662,2.469678544,-1.428407935,0.330500729,1.000000000,0.500000000,0.500000000
15.199978286,0.212361965,2.420243531,-1.412535519,0.304373320,1.000000000,0.500000000,0.500000000
15.249979411,0.220617695,2.370928670,-1.397438413,0.299490984,1.000000000,0.500000000,0.500000000
15.299980408,0.229610938,2.321743091,-1.382380021,0.302825402,1.000000000,0.500000000,0.500000000
15.349981543,0.239347903,2.272699182,-1.366763026,0.321833912,1.000000000,0.500000000,0.500000000
15.399982799,0.249872827,2.223818188,-1.350147544,0.342762147,1.000000000,0.500000000,0.500000000
15.449984004,0.261233911,2.175124797,-1.333701935,0.315040406,1.000000000,0.500000000,0.500000000
15.499984913,0.273360525,2.126616693,-1.317845212,0.319208540,1.000000000,0.500000000,0.500000000
15.549985813,0.286259791,2.078308320,-1.301775678,0.323552341,1.000000000,0.500000000,0.500000000
15.599987011,0.299938957,2.030214659,-1.284491058,0.367809310,1.000000000,0.500000000,0.500000000
15.649988180,0.314500249,1.982380720,-1.266669571,0.345025706,1.000000000,0.500000000,0.500000000
15.699989078,0.329884474,1.934805355,-1.249569154,0.338969815,1.000000000,0.500000000,0.500000000
15.749989780,0.346072740,1.887497742,-1.232493606,0.344031883,1.000000000,0.500000000,0.500000000
15.799990627,0.363072410,1.840475450,-1.214828877,0.362535582,1.000000000,0.500000000,0.500000000
15.849991680,0.380921704,1.793768833,-1.195848516,0.396653362,1.000000000,0.500000000,0.500000000
15.899992677,0.399693756,1.747425445,-1.176892215,0.361574784,1.000000000,0.500000000,0.500000000
15.949993249,0.419300383,1.701429386,-1.158672492,0.367192958,1.000000000,0.500000000,0.500000000
15.999993777,0.439748133,1.655801080,-1.140169563,0.372902755,1.000000000,0.500000000,0.500000000
16.049994675,0.461043207,1.610561610,-1.120286486,0.422395834,1.000000000,0.500000000,0.500000000
16.099995537,0.483288928,1.565781993,-1.099688188,0.401509560,1.000000000,0.500000000,0.500000000
16.149996076,0.506428955,1.521458263,-1.079848144,0.392070188,1.000000000,0.500000000,0.500000000
16.199996341,0.530433271,1.477596898,-1.060095734,0.398005549,1.000000000,0.500000000,0.500000000
16.249996794,0.555305743,1.434221727,-1.039655269,0.419590590,1.000000000,0.500000000,0.500000000
16.299997519,0.581082833,1.391377660,-1.017706830,0.458319458,1.000000000,0.500000000,0.500000000
16.349998173,0.607834879,1.349135579,-0.995818077,0.417205622,1.000000000,0.500000000,0.500000000
16.399998269,0.635461937,1.307461182,-0.974813341,0.422962526,1.000000000,0.500000000,0.500000000
16.449998315,0.663964075,1.266380375,-0.953523515,0.428608986,1.000000000,0.500000000,0.500000000
16.499998853,0.693340292,1.225919386,-0.930752518,0.482205628,1.000000000,0.500000000,0.500000000
16.549999370,0.723683423,1.186178398,-0.907219460,0.459088644,1.000000000,0.500000000,0.500000000
16.599999490,0.754930489,1.147144659,-0.884600504,0.445647816,1.000000000,0.500000000,0.500000000
16.649999234,0.787039267,1.108817112,-0.862197235,0.450463731,1.000000000,0.500000000,0.500000000
16.699999168,0.820003227,1.071222289,-0.839485746,0.457973024,1.000000000,0.500000000,0.500000000
16.749999780,0.853819821,1.034391607,-0.814935854,0.523992248,1.000000000,0.500000000,0.500000000
16.800000354,0.888589662,0.998459509,-0.790247281,0.463521151,1.000000000,0.500000000,0.500000000
16.850000109,0.924182292,0.963343414,-0.766986020,0.466907755,1.000000000,0.500000000,0.500000000
16.899999598,0.960584767,0.929067931,-0.743565611,0.469891569,1.000000000,0.500000000,0.500000000
16.949999377,0.997782636,0.895656909,-0.720006604,0.472445822,1.000000000,0.500000000,0.500000000
